"","Progress","Age","Gender","Ethnicity","Education","Marital","Employment","Purpose","FreqUse","Nationality","ucla_1","ucla_2","ucla_3","ucla_4","ucla_5","ucla_6","ucla_7","ucla_8","ucla_9","ucla_10","ucla_11","ucla_12","ucla_13","ucla_14","ucla_15","ucla_16","ucla_17","ucla_18","ucla_19","ucla_20","OCI_1","OCI_2","OCI_3","OCI_4","OCI_5","OCI_6","OCI_7","OCI_8","OCI_9","OCI_10","OCI_11","OCI_12","OCI_13","OCI_14","OCI_15","OCI_16","OCI_17","OCI_18","OCI_19","OCI_20","OCI_21","OCI_22","OCI_23","OCI_24","OCI_25","OCI_26","OCI_27","OCI_28","OCI_29","OCI_30","OCI_31","OCI_32","OCI_33","OCI_34","OCI_35","OCI_36","OCI_socsup","OCI_dep","OCI_imp","OCI_att","Ucla_score","OCI_score"
"1",100,24,2,2,4,2,2,"1,2,3,4,7,8,9",2,1,2,2,2,3,2,2,2,2,2,1,3,2,2,2,3,2,1,1,2,2,3,1,3,1,1,4,4,4,2,5,1,7,4,5,1,1,1,2,4,5,1,2,3,5,4,1,7,4,5,5,5,5,5,2,2,2,42,17,22,36,40,117
"2",100,23,1,5,3,2,6,"1,6,8,9",6,1,3,1,1,3,3,2,1,2,2,2,3,3,1,2,3,1,2,3,1,1,4,1,1,4,5,1,2,1,1,7,4,6,1,1,3,1,5,3,1,5,2,2,6,4,3,5,6,4,5,5,5,5,5,5,5,5,27,21,46,35,40,129
"4",100,23,1,1,5,2,6,"4,5,7,8,9",5,1,2,1,1,4,2,2,1,1,2,1,1,2,1,1,2,1,1,1,1,1,1,1,1,2,5,1,3,6,1,5,1,5,4,1,1,1,1,1,1,6,1,5,2,6,2,3,6,6,5,6,5,6,6,4,5,4,29,21,29,41,29,120
"5",100,25,2,1,5,2,2,"1,4,5,7,9",2,1,1,1,1,4,2,1,1,1,2,1,1,3,1,1,1,1,1,1,1,1,2,1,2,1,2,1,3,3,1,5,1,6,4,1,1,2,1,4,1,1,1,1,5,5,1,2,5,6,1,4,5,5,5,1,1,1,31,14,20,27,27,92
"6",100,22,2,1,4,2,3,"1,2,4,5,6,7,9",5,1,2,1,1,3,1,1,2,1,3,1,1,2,3,1,2,1,3,1,1,1,4,1,3,1,4,4,3,4,1,6,4,7,2,2,1,2,1,4,2,5,2,3,2,5,3,2,6,7,1,5,3,5,5,5,4,5,36,18,36,34,32,124
"7",100,24,2,1,5,2,4,"1,2,3,4,5,6,7,8,9",6,1,1,1,1,3,1,2,1,1,1,1,1,3,2,1,1,1,1,2,1,1,3,1,2,2,5,1,4,5,3,6,2,6,5,1,1,3,2,4,2,2,1,2,5,6,3,1,7,4,2,5,3,5,5,3,5,5,37,22,33,30,27,122
"8",100,25,1,2,5,2,2,"1,3,5,7,9",4,1,1,1,3,1,1,1,1,1,1,1,1,1,2,1,1,2,1,1,2,2,5,1,1,3,3,5,5,4,3,5,2,6,4,2,1,2,2,1,1,2,2,2,2,3,1,3,4,4,3,4,3,5,5,6,6,6,39,15,36,27,26,117
"9",100,24,2,1,4,2,4,"1,2,3,4,7,8,9",4,1,1,1,1,4,2,1,1,3,2,1,1,2,2,2,2,1,1,1,1,1,2,1,1,3,5,3,5,5,3,5,1,3,6,2,2,3,2,5,1,2,2,2,4,6,2,1,7,3,3,3,4,3,2,2,2,2,41,17,27,23,31,108
"10",100,25,1,1,4,2,6,"1,4,5,6,7,9",5,1,2,3,3,3,3,3,4,4,2,2,1,2,2,2,1,2,1,3,2,2,5,2,3,3,1,2,4,2,1,5,1,7,2,1,1,1,1,1,1,2,1,5,3,6,3,5,6,5,5,5,3,5,4,5,3,5,31,22,30,32,47,115
"11",100,22,2,3,5,2,2,"3,5,7,9",3,1,1,1,1,2,1,1,2,2,1,1,1,2,2,1,2,2,1,2,1,2,3,2,1,1,1,4,4,2,1,1,1,5,3,1,1,1,1,1,1,3,1,1,2,2,1,1,6,1,3,1,1,1,1,5,3,1,24,11,18,16,29,69
"12",100,22,1,1,4,2,1,"1,2,4,5,6,7,8,9",4,1,2,1,1,4,1,2,1,1,1,1,1,2,1,1,1,1,1,3,1,1,2,1,2,2,1,2,4,2,2,6,3,7,3,3,1,2,1,2,1,5,1,1,2,3,1,5,4,4,5,6,5,5,5,3,4,3,35,12,28,34,28,109
"13",100,28,2,1,4,2,1,"2,3,5,6,7,9",6,1,2,1,2,4,3,2,1,2,2,1,4,2,3,2,2,1,2,2,1,1,2,1,2,1,2,1,5,6,4,6,1,6,5,5,1,2,3,2,1,1,1,5,5,7,3,3,7,2,2,1,5,2,2,1,1,1,43,22,23,17,40,105
"14",100,26,1,1,4,2,1,"1,2,4,5,6,7,8,9",6,1,1,1,1,3,2,2,2,2,2,2,2,3,3,2,1,2,2,2,1,1,5,2,2,5,2,6,5,5,3,2,4,5,5,5,5,5,5,5,2,5,2,2,5,6,5,3,4,5,5,5,5,4,4,5,4,3,56,24,38,32,37,150
"15",100,24,2,1,5,1,2,"1,2,3,4,5,6,7,8,9",6,1,2,2,1,4,1,1,1,2,1,2,3,1,2,2,1,3,1,1,1,1,6,1,2,5,2,3,4,2,1,6,1,4,3,4,1,2,3,2,2,4,1,4,2,3,1,2,3,1,2,1,5,2,3,2,3,1,38,14,26,16,33,94
"16",100,33,2,1,4,1,1,"4,5,7,9",4,1,1,1,1,4,2,2,2,1,1,1,1,1,1,1,1,1,1,1,1,1,1,1,2,1,1,1,2,2,1,1,1,2,6,1,1,1,1,2,1,2,1,1,1,1,1,1,5,1,2,5,1,2,1,1,3,1,22,8,11,18,26,59
"17",100,23,2,1,5,2,2,"4,8,9",5,1,1,1,1,4,1,2,1,2,1,1,1,1,1,1,1,1,1,1,1,1,1,1,1,1,1,1,1,4,1,2,1,4,2,1,1,1,1,1,1,1,1,1,1,6,1,1,6,1,1,1,1,1,1,1,1,1,17,11,14,12,25,54
"18",100,24,2,1,5,2,6,"4,5,6,7,8,9",5,1,1,1,1,4,1,1,1,1,1,1,1,1,1,1,1,1,1,1,1,1,1,1,1,1,1,3,1,4,1,1,1,3,1,4,1,1,1,1,1,1,1,1,1,1,1,1,7,1,3,1,1,1,1,1,1,1,21,6,12,15,23,54
"19",100,49,2,1,4,3,4,"1",2,1,2,1,1,1,3,3,3,3,1,3,1,1,1,1,1,3,1,2,1,2,3,1,1,1,1,1,1,1,1,2,1,6,1,1,1,1,3,1,1,2,1,1,1,1,1,1,5,1,1,1,1,1,1,1,1,1,15,6,18,12,35,51
"20",100,22,2,1,4,2,6,"1,4,5,7,9",2,1,4,2,4,4,2,3,2,4,4,3,4,4,4,4,4,4,4,4,4,4,7,5,6,2,4,7,6,7,5,7,3,6,5,7,6,5,7,5,5,5,4,7,7,7,6,3,6,7,2,7,2,7,5,6,4,7,70,36,52,39,72,197
"21",100,63,2,1,3,3,7,"4,6,8",3,1,2,3,3,3,2,1,2,3,1,2,3,1,4,3,2,2,2,4,1,2,5,1,1,3,1,3,5,1,1,1,7,7,5,7,5,5,5,3,1,5,1,7,4,5,6,3,7,7,7,7,5,7,7,1,1,1,45,24,32,47,46,148
"22",100,23,2,1,4,2,8,"1,2,3,4,5,6,7,8,9",5,1,2,1,1,3,1,2,1,1,2,2,1,1,1,1,2,1,1,1,1,1,5,1,1,4,1,3,3,3,1,3,2,4,5,1,1,1,1,2,2,2,2,1,5,6,1,1,7,5,2,6,2,5,3,2,2,2,30,16,22,30,27,98
"23",100,23,2,1,4,2,6,"1,4,7,8,9",6,1,1,2,1,3,3,2,2,2,2,1,1,2,2,1,2,2,1,1,1,1,5,2,7,5,2,2,2,3,3,7,7,7,4,4,5,4,5,4,6,1,1,7,7,6,6,2,4,7,5,4,4,3,2,2,2,2,50,30,43,26,33,149
"24",100,25,2,1,5,2,6,"9",5,1,1,1,1,1,1,1,1,1,1,1,1,1,2,1,1,1,1,1,1,1,4,1,1,1,1,1,5,5,3,5,1,6,6,1,1,1,1,1,1,4,1,1,5,6,3,1,6,3,5,5,5,4,4,5,3,1,35,19,23,31,21,108
"25",100,19,2,1,4,2,2,"1,2,3,4,5,7,8,9",2,1,1,1,3,3,1,1,1,1,2,1,1,1,1,1,1,1,1,3,1,1,6,1,5,5,5,5,5,5,5,5,6,6,4,4,2,2,3,4,2,2,1,4,1,6,2,1,7,1,5,5,3,5,4,5,5,3,51,19,41,29,27,140
"26",100,28,1,2,4,2,1,"1,2,4,5,7,8,9",6,1,1,1,2,2,2,3,2,2,2,2,2,1,2,3,2,2,1,1,2,2,5,2,1,2,1,1,5,6,3,7,2,3,6,4,1,1,3,2,1,1,1,1,4,6,1,4,5,5,3,1,1,2,2,5,5,5,40,19,30,19,37,108
"27",100,21,1,1,4,2,2,"1,2,3,4,5,7,9",4,1,2,1,1,2,1,2,3,1,1,1,1,2,4,2,1,3,2,3,1,1,5,1,2,2,2,2,2,6,6,6,4,2,4,5,6,4,5,6,5,5,3,4,3,5,5,6,4,5,5,5,3,3,4,1,5,1,56,23,32,31,35,142
"28",100,39,2,6,4,3,1,"1,2,4,5,7,9",6,1,1,1,1,4,1,2,2,3,2,1,1,1,3,1,3,1,1,1,1,1,1,1,1,1,1,1,1,1,1,2,1,5,3,1,1,1,1,1,1,3,1,1,3,4,1,1,6,3,3,3,2,3,3,2,3,2,16,13,17,24,32,70
"29",100,21,2,5,3,5,2,"1,4,5,7,8,9",5,1,1,1,1,3,1,2,1,2,2,1,1,1,1,1,1,1,1,2,1,1,3,1,2,1,1,1,3,1,1,4,2,5,1,2,1,2,2,1,1,2,1,5,3,6,6,2,5,4,5,3,3,2,2,5,3,3,23,24,25,23,26,95
"30",100,25,1,1,4,2,1,"1,2,3,4,5,6,8,9",6,1,2,1,1,4,1,2,1,1,1,1,1,1,1,1,1,1,1,1,1,1,1,1,1,1,1,1,1,1,1,6,1,6,1,1,1,1,1,1,1,1,1,1,1,5,1,1,1,1,1,1,1,1,1,5,5,5,13,14,28,7,25,62
"31",100,26,2,1,5,2,8,"1,2,4,5,7,9",5,1,1,1,1,4,2,3,1,1,1,1,1,1,1,1,1,1,1,1,1,1,2,1,1,1,1,2,2,2,2,2,1,2,6,2,1,1,1,4,1,1,1,1,4,4,3,3,4,2,2,2,2,2,2,2,1,1,30,14,13,15,26,72
"32",100,28,2,5,5,2,1,"1,3,4,5,7,8,9",3,1,1,3,2,2,2,2,1,2,1,1,1,2,1,1,1,1,1,1,1,1,2,2,1,1,1,1,1,1,1,2,2,6,3,1,1,1,1,3,1,1,1,1,1,4,1,1,4,4,1,4,1,1,1,1,1,1,18,10,17,16,28,61
"33",100,26,2,3,4,2,1,"9",2,1,1,1,1,4,1,1,3,1,1,1,1,1,1,1,3,1,1,1,1,1,2,1,1,1,1,1,1,1,1,2,1,2,2,1,1,1,1,2,1,1,1,1,2,2,1,1,5,2,2,1,1,1,1,1,1,1,16,8,12,13,27,49
"34",100,22,2,1,4,2,1,"1,2,3,7,8,9",3,1,2,1,1,3,2,3,3,2,2,1,1,3,2,1,1,2,1,1,1,2,2,1,1,1,2,1,2,1,1,5,1,5,2,1,1,1,1,1,1,2,1,1,4,5,2,1,5,6,5,6,5,5,5,5,4,5,20,17,27,34,35,98
"35",100,64,1,1,4,3,7,"1,5,7,9",4,1,2,1,1,3,3,3,3,2,1,1,1,3,3,1,1,1,1,2,2,2,1,2,1,1,2,1,2,1,1,1,1,2,5,1,1,2,1,1,1,1,1,1,1,2,1,1,5,2,1,1,1,1,1,1,1,1,19,8,12,12,37,51
"36",100,24,2,1,4,2,3,"1,4,8,9",3,1,1,3,3,2,2,3,2,1,3,1,2,2,2,2,3,2,2,2,1,1,2,1,1,1,1,2,2,4,2,5,1,5,4,2,1,1,1,1,1,5,1,2,1,5,1,1,6,5,5,5,3,5,5,4,2,1,26,12,21,36,40,95
"37",100,21,2,1,4,2,6,"1,4,9",5,1,1,1,1,4,1,1,1,1,1,1,1,1,2,1,1,1,1,1,1,1,3,1,2,1,1,2,2,5,1,7,1,7,7,5,1,3,2,2,2,2,1,3,5,5,4,1,5,1,1,1,5,1,1,2,2,2,40,20,25,12,24,97
"38",100,25,1,1,4,2,4,"1,4,5,9",3,1,2,1,1,2,2,3,3,3,1,1,1,3,2,1,1,1,1,2,1,1,1,1,1,3,3,5,2,4,1,7,1,6,6,1,2,1,1,4,1,2,1,1,4,5,2,2,6,6,6,7,5,6,6,2,1,2,34,14,28,39,33,115
"39",100,25,1,1,4,2,6,"4,6,7,8,9",6,1,2,1,2,2,2,2,2,1,3,2,2,3,2,1,3,2,2,3,2,2,3,2,2,2,1,5,4,5,4,4,1,2,5,5,2,4,3,2,2,5,1,3,1,5,1,2,6,2,5,5,5,3,3,2,1,1,48,13,19,29,41,109
"40",100,24,1,1,4,2,6,"1,4,5,7,9",6,1,1,1,1,4,1,1,1,1,1,1,1,1,1,1,1,2,2,1,1,1,4,2,1,1,1,2,1,5,1,2,2,6,2,2,2,2,2,2,2,2,3,1,1,2,2,2,3,2,1,2,1,2,2,2,2,2,27,10,23,14,25,74
"41",100,27,2,1,4,2,1,"1,2,3,4,5,6,7,8,9",6,1,2,4,1,4,1,3,4,2,3,2,2,3,2,2,4,1,1,1,3,2,1,1,1,1,1,1,1,1,1,2,1,5,1,1,1,1,1,1,1,1,1,1,1,5,1,1,5,3,1,5,1,5,5,1,1,1,13,10,15,25,47,63
"42",100,23,2,1,3,2,6,"1,3,4,5,7,8,9",3,1,1,1,1,3,1,1,1,1,1,1,1,3,1,1,1,1,1,2,1,1,4,1,1,1,1,1,4,6,1,5,1,5,5,1,1,1,1,1,1,1,1,2,2,3,3,1,5,1,5,1,5,1,1,5,1,5,32,12,26,15,25,85
"43",100,35,1,1,6,2,6,"1,2,4,5,6,7,8,9",6,1,1,1,1,3,1,2,2,2,2,1,2,1,2,1,2,2,1,1,2,2,4,1,1,1,1,4,3,1,1,4,1,4,4,1,1,1,1,4,1,2,1,2,1,5,1,1,5,3,2,4,1,1,4,2,4,2,27,14,18,21,32,80
"44",100,25,1,1,4,2,6,"6",6,1,2,1,2,3,2,2,3,2,3,2,1,3,3,3,1,3,1,2,2,2,2,1,2,2,1,1,2,4,2,6,3,4,4,4,1,2,1,4,1,5,2,5,5,5,2,1,6,3,5,5,5,5,2,4,2,1,34,20,25,31,43,110
"45",100,25,1,1,4,2,8,"1,2,4,7,9",3,1,1,1,1,2,1,2,4,1,1,1,1,3,3,3,1,1,1,4,3,3,1,1,1,2,1,4,2,1,1,6,6,6,6,1,4,2,1,6,2,7,6,5,5,5,6,6,3,1,3,6,4,1,4,6,7,7,37,29,45,25,38,136
"46",100,19,2,3,3,2,1,"2,9",2,1,3,1,1,1,1,2,2,1,3,1,1,2,2,1,4,3,2,1,1,1,3,1,1,1,1,1,1,1,1,5,5,6,1,1,1,1,1,1,1,1,1,1,1,1,1,1,1,5,1,1,1,1,1,1,1,1,15,6,23,11,34,55
"47",100,22,2,1,4,2,6,"1,3,4,5,7,8,9",3,1,2,1,1,4,1,1,3,3,2,1,1,1,2,1,1,2,1,1,1,1,3,1,1,3,1,2,6,6,4,6,1,7,5,5,3,5,3,6,1,5,3,1,6,6,2,1,6,5,1,6,1,3,1,7,5,1,46,21,35,27,31,129
"48",100,28,2,1,4,2,1,"1,2,3,5",5,1,1,1,1,4,1,1,3,2,1,1,1,1,2,1,3,1,1,2,1,1,2,1,2,1,1,1,2,7,4,2,2,5,3,1,1,4,1,4,1,2,1,1,1,3,1,1,2,5,1,5,1,2,3,1,1,5,33,8,20,20,30,81
"49",100,23,2,1,4,2,6,"1,5,7,9",2,1,1,1,1,3,1,2,1,1,3,1,1,2,1,1,3,2,1,1,1,1,2,1,1,1,6,1,1,3,2,5,1,7,6,1,1,6,1,4,1,7,1,1,1,1,1,1,7,6,7,7,6,7,7,7,7,5,35,12,35,48,29,130
"50",100,22,5,6,8,2,9,"1,4,7,9",6,1,2,3,3,3,2,2,3,3,1,2,3,3,3,3,1,2,3,3,2,2,6,3,3,1,1,5,3,3,3,5,5,5,5,5,3,3,3,3,2,1,1,2,2,1,1,2,2,2,2,2,2,1,1,5,5,5,45,14,34,11,49,104
"51",100,30,2,3,4,1,1,"2,4,7,9",2,1,1,1,3,3,2,2,2,3,1,1,1,4,3,2,1,3,2,4,1,1,1,1,1,2,7,1,1,1,1,1,1,1,2,1,1,1,6,5,1,1,1,1,1,1,6,4,6,7,5,1,1,4,5,1,1,4,21,11,25,29,41,86
"52",100,26,1,1,4,2,3,"7,9",4,1,2,3,3,3,1,2,2,3,2,1,2,2,3,3,2,1,2,3,2,1,6,2,2,1,1,1,4,5,4,6,5,2,6,4,1,4,1,4,2,4,1,4,1,2,1,1,6,1,4,1,5,1,1,1,4,3,48,14,22,18,43,102
"53",100,23,2,1,4,2,1,"2,4,5,8",6,1,2,1,1,4,1,1,1,1,1,1,1,1,1,1,1,1,1,1,1,1,1,1,1,1,1,1,2,2,2,3,2,4,1,1,1,1,1,1,1,1,1,1,1,3,1,1,5,1,1,3,4,3,1,1,1,5,19,8,20,15,24,62
"54",100,24,2,1,4,2,4,"1,2,4,5,6,7,8,9",4,1,1,1,1,4,1,1,1,1,1,1,1,2,1,1,1,1,1,1,1,1,3,1,1,1,1,1,5,6,1,5,1,6,7,1,5,2,4,1,1,2,3,1,5,4,1,1,7,7,2,6,6,6,6,6,4,2,36,16,34,36,24,122
"55",100,21,2,1,4,2,6,"1",6,1,1,1,1,4,1,1,1,1,1,1,1,2,1,1,1,1,1,1,1,1,5,1,1,1,1,5,3,3,5,6,1,7,7,2,2,1,1,2,1,1,1,1,1,5,3,6,5,2,3,2,2,2,3,3,4,2,43,15,25,18,24,101
"56",100,23,2,1,4,2,1,"2,4,5,9",5,1,2,1,1,3,1,2,1,1,2,1,2,1,1,2,1,1,1,2,1,1,5,1,1,1,1,1,5,1,1,5,1,4,1,1,1,1,1,1,1,1,1,1,5,6,1,1,5,1,1,5,1,1,1,3,3,3,21,17,21,15,28,74
"57",100,27,2,1,4,1,1,"4,5,6,7,8,9",2,1,2,1,1,4,1,2,1,3,2,1,2,2,2,3,3,2,3,2,1,1,5,1,4,2,3,2,5,5,4,5,5,4,4,3,2,3,3,5,3,4,2,4,6,6,5,4,6,3,3,5,5,5,4,5,3,3,52,25,34,30,39,141
"58",100,23,2,1,4,2,4,"1,2,4,7,9",4,1,1,1,1,4,2,2,3,1,1,1,1,1,1,1,2,1,1,1,1,1,1,1,1,1,1,1,4,7,1,2,1,5,6,4,1,1,1,1,1,3,1,1,1,1,1,1,5,1,1,1,3,1,1,3,2,3,32,7,19,13,28,71
"59",100,24,2,1,5,2,1,"4,5,8,9",3,1,1,1,1,3,1,1,1,1,1,1,1,1,1,1,2,1,1,1,1,1,3,1,3,2,1,4,2,5,1,4,2,5,5,1,1,2,1,5,1,1,1,3,5,6,1,1,6,3,1,5,1,1,1,5,1,1,34,17,23,18,23,92
"60",100,42,1,1,5,2,1,"1,5,7,8,9",2,1,2,1,1,1,1,1,1,3,1,1,1,1,2,2,3,3,1,1,2,3,4,3,3,3,4,5,5,5,3,3,4,5,7,5,3,5,5,4,5,3,2,5,2,4,1,3,3,4,5,5,5,5,4,3,4,3,59,19,35,29,32,142
"61",100,28,2,1,4,3,1,"1,2,4,5,7,8,9",5,1,1,3,3,2,2,2,3,3,2,2,3,3,3,3,2,2,3,3,2,2,6,4,3,5,4,2,5,5,6,6,4,3,6,6,6,6,5,5,5,6,5,6,6,7,5,4,6,4,5,2,6,1,2,5,4,4,65,32,47,26,49,170
"62",100,60,1,1,4,3,7,"4,7,8,9",3,1,2,1,1,3,1,2,1,1,1,2,1,2,3,1,1,2,1,3,1,1,5,2,1,1,1,2,2,2,3,2,1,6,5,2,2,1,2,3,2,1,1,1,1,1,1,1,1,2,1,1,2,1,1,2,1,1,31,7,19,8,31,65
"63",100,25,2,1,5,2,6,"1",6,1,1,1,1,4,1,1,1,1,1,1,1,1,1,1,1,1,1,1,1,1,3,1,1,1,1,1,1,2,1,6,6,6,6,1,1,1,1,1,1,1,1,1,1,6,1,1,5,6,1,6,1,6,6,5,5,5,21,15,33,31,23,100
"64",100,27,1,1,5,2,1,"1,2,4,8,9",4,1,3,1,1,2,3,2,1,2,1,2,1,2,1,1,1,2,1,1,1,1,1,1,1,1,1,1,1,1,1,5,1,4,5,1,7,4,1,4,1,1,1,1,5,7,1,1,5,5,1,4,3,2,4,1,1,3,25,16,25,22,30,88
"65",100,27,1,1,4,2,4,"1,2,4,5,6,7,8,9",6,1,3,3,3,2,3,3,3,3,1,2,3,2,3,3,1,2,3,2,2,2,6,4,3,2,2,3,6,5,1,7,2,3,2,2,2,5,1,2,1,2,2,6,6,7,5,2,6,5,3,5,5,5,3,2,4,5,43,32,28,29,49,132
"66",100,23,2,2,4,2,3,"1,2,3,4,5,6,7,8,9",5,1,3,2,3,4,4,3,3,3,4,3,4,2,4,4,3,4,3,4,3,3,2,1,1,1,1,2,2,1,3,7,2,5,3,3,1,1,3,2,1,1,1,1,5,5,5,2,6,5,2,6,5,5,5,2,2,6,28,19,29,30,66,106
"67",100,32,1,1,4,2,1,"4,5,6,7,8,9",4,1,2,1,2,3,2,2,2,2,2,2,2,3,2,2,2,2,2,2,2,2,4,4,4,4,4,5,3,3,3,3,4,5,5,4,3,4,3,5,4,3,3,3,4,4,3,3,3,4,3,4,3,3,4,3,4,4,50,22,36,24,41,132
"68",100,23,2,1,4,2,3,"3,4,5,6,7,8,9",6,1,1,2,2,3,1,1,2,2,1,1,1,3,2,2,2,2,2,2,1,1,3,1,5,1,1,1,1,1,1,5,3,5,4,1,1,1,1,1,1,1,1,1,1,4,1,1,3,4,1,5,1,1,1,4,4,2,22,12,24,16,34,74
"69",100,24,2,6,4,2,6,"1,2,3,4,5,7,8,9",3,1,2,3,2,1,4,3,4,3,3,3,2,4,4,4,3,4,3,2,3,3,6,1,5,1,4,2,6,6,5,7,5,7,4,5,3,5,3,1,2,7,5,7,6,7,6,2,7,6,7,7,6,1,6,2,5,7,55,32,44,41,60,172
"70",100,37,2,2,4,3,5,"1,2,3,4,5,8,9",4,1,2,3,3,3,2,2,3,3,1,2,2,3,3,3,1,2,2,2,2,2,1,1,1,1,1,1,2,3,1,5,1,5,7,1,1,5,2,2,1,5,1,2,1,5,1,1,2,2,5,5,1,1,1,1,1,1,27,11,19,21,46,78
"71",100,26,1,1,7,2,1,"1,4,5,6,7,9",4,1,2,1,1,1,4,3,2,2,3,2,1,2,2,2,3,2,1,2,1,1,5,1,1,2,1,1,2,2,1,3,2,6,2,2,2,1,2,2,1,1,1,1,1,2,1,2,2,2,3,2,3,2,2,3,4,3,25,10,25,14,38,74
"72",100,25,1,1,4,2,1,"2,4,6,7,8,9",2,1,1,1,1,2,4,1,1,1,1,1,1,1,2,1,1,3,1,1,1,1,4,1,3,1,1,1,5,2,1,7,4,7,5,1,1,5,4,5,4,7,6,5,7,7,5,4,4,7,7,7,7,4,7,7,4,3,47,29,41,43,27,160
"73",100,24,2,1,4,2,6,"1,3,4,5,7,9",3,1,2,1,1,3,2,2,2,2,2,1,1,1,2,1,2,2,1,2,1,1,5,1,3,4,4,4,5,2,1,5,4,5,2,4,3,3,6,5,1,5,2,5,3,5,3,3,5,5,6,6,6,6,5,4,5,2,44,22,39,38,32,143
"74",100,25,2,1,5,1,6,"1,2,3,4,5,7,8,9",4,1,2,1,2,2,2,1,1,2,2,1,2,1,2,3,2,2,3,2,2,2,4,2,2,2,5,3,4,5,5,5,1,4,5,5,4,4,5,6,4,1,4,5,2,5,2,5,6,6,5,5,5,5,5,5,4,3,57,20,38,33,37,148
"75",100,20,2,1,4,2,6,"1,4,7,8,9",6,1,3,1,1,3,1,3,3,1,1,1,1,1,1,1,1,1,1,2,1,1,3,1,1,1,3,1,1,7,2,5,2,6,2,5,4,2,2,1,4,5,1,1,5,7,4,1,1,1,4,1,1,1,1,5,7,7,31,25,36,14,29,106
"76",100,24,1,1,4,2,2,"1,2,3,4,5,6,7,9",4,1,4,1,1,4,1,1,3,1,1,1,1,1,2,1,1,1,1,1,1,1,3,1,3,2,3,4,3,4,2,6,2,5,3,3,3,3,2,6,3,1,2,2,2,2,2,2,6,2,1,5,2,2,3,5,2,2,41,11,32,20,29,104
"77",100,45,1,1,5,1,4,"1,2,4,5,7,8,9",5,1,2,1,1,3,1,2,3,3,1,2,1,2,3,2,2,3,3,2,2,2,5,1,2,1,1,2,2,2,2,2,2,2,2,2,2,2,3,6,3,2,2,2,7,7,5,2,3,3,2,2,2,2,3,2,2,2,34,24,19,17,41,94
"78",100,23,1,1,4,2,6,"8",1,1,3,2,2,1,4,3,4,1,4,4,4,3,4,4,2,4,3,4,3,3,1,1,1,1,1,1,1,1,1,1,1,7,1,1,1,1,1,1,1,1,1,1,1,1,1,1,4,1,1,1,1,1,1,1,1,1,13,6,16,10,62,45
"79",100,28,1,2,4,2,4,"2,4,8,9",6,1,3,1,2,4,2,2,2,2,2,2,2,2,2,2,1,2,2,1,2,2,2,3,3,3,5,1,3,2,2,2,2,5,2,1,2,3,2,1,1,5,2,2,2,2,1,2,5,5,5,5,2,5,5,5,2,2,25,12,30,35,40,102
"80",100,25,2,1,3,1,2,"9",3,1,1,1,4,1,2,2,3,2,4,1,1,4,1,3,1,1,1,3,1,1,4,1,1,2,1,1,3,1,1,4,3,5,3,1,1,3,4,2,1,5,2,2,3,3,1,1,4,3,4,6,5,4,4,5,3,5,27,13,32,30,38,102
"81",100,23,2,1,4,2,6,"1,4,7,8,9",2,1,1,1,1,4,1,1,1,3,1,1,1,1,3,1,1,2,1,1,1,2,3,1,1,3,3,2,4,5,1,5,5,3,6,3,1,1,6,7,2,1,3,5,7,7,5,7,7,5,1,5,5,1,1,5,4,5,47,29,39,21,29,136
"82",100,24,2,2,4,2,1,"2,5,7,8,9",6,1,2,2,2,4,2,2,3,2,1,2,3,1,4,3,1,1,3,3,2,2,3,1,1,1,2,3,1,3,5,7,1,5,6,2,1,4,4,1,3,6,1,1,1,7,2,2,5,4,5,5,6,5,5,5,4,6,40,16,33,35,45,124
"83",100,28,2,1,5,1,1,"1,2,4,5,7,9",4,1,1,1,1,4,1,1,3,1,1,1,1,1,1,1,1,1,1,1,1,1,1,1,1,1,1,1,1,1,1,3,1,2,7,1,1,1,1,1,1,5,1,1,1,1,1,1,5,1,3,1,3,1,1,1,1,1,21,6,13,17,25,57
"84",100,23,2,1,4,2,3,"1,2,3,4,5,7,8,9",5,1,2,1,1,3,2,1,1,1,2,1,2,2,2,2,1,2,1,1,1,1,3,1,2,1,2,1,3,5,1,4,2,4,5,1,1,2,1,3,1,1,1,1,2,5,1,1,6,3,3,5,2,4,3,4,5,4,30,15,24,25,30,94
"85",100,44,2,1,5,1,5,"3,4,5,7,8",3,1,2,2,3,2,2,2,3,3,2,2,2,3,1,2,2,3,1,3,2,2,1,1,1,1,1,1,1,1,1,5,1,2,1,1,1,1,1,4,1,1,1,1,1,1,1,1,3,1,3,1,1,1,1,1,1,1,16,6,15,11,44,48
"86",100,23,2,1,4,2,6,"1,2,3,4,5,6,7,8,9",5,1,1,1,1,1,1,1,1,1,2,1,1,2,1,1,1,1,1,1,1,1,4,1,2,2,1,1,2,2,4,5,5,5,4,4,2,1,1,4,1,1,1,4,3,6,3,1,5,7,2,5,4,4,2,1,4,5,34,21,28,26,22,109
"87",100,23,2,1,4,2,6,"1,3,4,6,7,8,9",5,1,2,2,2,2,3,2,3,1,2,2,3,3,2,3,1,3,2,1,1,2,6,3,5,5,2,6,4,7,2,7,3,6,6,6,5,6,2,5,5,1,3,5,3,7,5,1,6,7,2,7,2,5,4,7,7,6,61,30,46,32,42,169
"88",100,22,2,1,4,2,3,"1,3,4,5,8,9",5,1,1,3,2,3,3,1,1,1,2,1,1,3,2,1,2,1,1,1,1,1,5,1,1,1,1,2,5,5,2,3,1,7,5,3,1,2,1,4,1,1,1,2,5,5,1,1,6,2,1,1,1,1,1,6,5,5,37,19,27,13,32,96
"89",100,28,2,6,4,2,6,"1,4,5,7,8,9",5,1,3,1,1,3,1,2,3,3,2,1,3,2,3,2,1,1,2,4,1,1,2,1,2,1,5,2,2,6,1,4,1,5,5,4,1,1,1,4,1,2,1,5,2,7,1,1,2,5,1,3,2,2,2,3,2,2,33,18,24,17,40,92
"90",100,22,2,1,4,2,6,"1,2,3,4,5,6,7,8,9",5,1,2,2,1,4,4,3,1,1,1,1,1,3,3,2,3,2,2,2,4,4,1,2,1,2,3,4,4,6,6,6,4,1,7,3,4,3,6,5,3,3,3,4,4,3,6,6,7,6,3,2,7,7,4,3,2,5,56,21,37,32,46,146
"91",100,36,2,1,6,2,2,"1,2,4,5,7,8,9",2,1,1,4,3,3,4,3,4,4,1,1,4,4,4,3,2,2,1,4,2,2,6,7,5,6,4,4,4,4,4,4,4,4,5,5,5,5,5,5,5,6,6,5,5,5,5,5,4,4,4,3,3,3,3,2,3,4,60,30,44,27,56,161
"92",100,24,2,1,5,2,6,"1,4,5,7,8,9",5,1,3,1,1,3,1,1,3,2,3,1,1,2,3,1,1,1,1,2,2,1,5,1,2,1,1,6,4,5,1,7,4,5,4,5,1,4,3,1,1,1,1,1,5,5,1,1,5,5,5,5,4,1,2,6,5,6,43,18,35,24,34,120
"93",100,22,1,5,4,2,6,"1,2,3,4,5,6,7,8,9",6,1,2,1,1,4,1,1,1,1,3,1,1,2,1,1,3,1,1,3,1,1,3,1,1,1,1,1,4,4,1,1,1,6,7,2,1,1,2,4,1,5,1,2,6,7,2,4,7,1,4,2,2,3,1,1,1,1,35,19,16,23,31,93
"94",100,28,1,1,4,2,4,"2,4,5,6,7,9",4,1,2,2,2,4,1,2,1,2,2,1,1,2,2,1,3,2,2,2,2,1,3,1,3,1,1,2,2,4,3,3,3,6,3,2,2,3,2,3,4,3,3,3,5,5,3,3,4,4,3,4,4,4,4,3,4,3,39,21,27,26,37,113
"95",100,23,3,6,4,1,1,"1,2,4,6",6,1,4,1,1,4,1,1,1,1,4,1,4,2,3,3,1,3,3,1,1,1,6,2,2,1,1,2,1,6,7,6,1,4,4,4,4,4,4,5,5,4,3,4,4,4,5,3,4,4,4,4,4,4,4,4,4,4,53,23,32,28,41,136
"96",100,28,1,1,5,2,1,"1,2,3,4,5,7,9",6,1,2,1,1,4,1,2,1,2,1,1,1,1,1,1,1,2,1,2,1,1,2,1,2,2,2,2,2,2,2,2,2,3,2,3,2,2,2,4,2,2,2,2,3,6,2,2,5,5,3,5,3,5,3,5,5,4,30,19,26,28,28,103
"97",100,48,1,1,5,3,4,"1,2,4,5,7,8,9",4,1,1,1,1,4,1,4,1,1,1,3,1,1,1,1,1,1,1,1,1,1,3,1,1,1,1,3,5,4,1,1,1,1,7,1,1,1,1,1,5,1,1,1,1,7,7,1,7,1,1,1,1,1,1,1,1,1,34,18,10,13,28,75
"98",100,61,1,1,4,1,7,"7",2,1,1,1,1,4,1,3,1,3,1,1,1,3,3,1,1,2,1,1,1,1,1,1,1,1,1,2,1,1,2,1,1,7,4,1,1,1,1,1,1,1,1,1,1,1,1,1,7,1,2,1,1,6,2,1,1,1,18,6,16,20,32,60
"99",100,45,2,1,3,1,3,"1,4,5,6,7,9",3,1,2,1,3,1,3,3,1,1,4,4,1,1,1,1,4,1,2,2,1,1,3,1,1,1,1,1,1,1,1,1,1,7,1,1,1,1,1,1,1,1,1,1,1,1,1,1,1,1,1,1,1,1,1,1,1,1,15,6,16,7,38,44
"100",100,23,1,2,4,2,3,"1,2,3,4,5,6,9",4,1,3,2,3,1,2,4,2,1,3,2,3,3,3,3,1,2,2,3,1,1,3,5,1,5,1,6,2,1,5,2,3,1,6,5,1,3,4,6,4,7,1,1,5,5,5,1,3,1,5,1,4,1,1,1,3,3,47,24,22,19,45,112
"101",100,24,2,1,4,2,1,"1,5,9",4,1,1,3,2,1,3,3,4,2,3,2,2,3,2,3,2,4,2,3,2,2,3,1,1,1,2,1,3,1,2,5,2,6,4,1,1,1,1,4,1,5,1,4,1,6,3,2,7,5,5,6,6,4,5,3,5,5,30,20,27,37,49,114
"102",100,22,1,1,4,2,6,"6",6,1,3,1,1,4,1,3,3,2,2,1,3,3,2,2,3,1,1,1,1,1,6,1,2,5,5,2,6,7,5,7,7,7,7,2,6,5,5,4,1,5,5,2,5,7,3,3,5,6,5,5,5,5,5,5,5,6,55,23,58,36,39,172
"103",100,50,2,1,4,4,5,"1",3,1,1,3,4,1,1,2,1,1,1,2,1,1,1,1,1,1,1,3,1,1,1,1,1,1,1,1,1,1,1,2,1,2,6,1,1,1,1,1,1,2,1,1,1,1,1,1,5,1,2,1,1,1,1,1,1,1,18,6,12,13,29,49
"104",100,28,1,1,4,1,1,"1,2,3,4,5,6,7,8,9",6,1,1,1,2,4,3,1,1,2,2,1,3,3,1,2,1,1,1,2,1,1,4,1,2,2,1,1,5,4,2,4,1,2,3,1,2,1,3,4,1,1,1,6,5,7,1,2,6,1,1,1,5,2,1,4,3,5,35,23,25,13,34,96
"105",100,33,2,1,5,1,1,"1,2,4,5,6,7,8,9",4,1,1,1,1,4,1,1,1,1,1,1,1,1,1,1,1,1,1,1,1,1,2,1,1,1,1,1,1,1,1,2,1,4,6,1,1,1,1,5,1,1,1,1,1,4,1,1,6,2,4,5,5,2,5,7,2,2,27,10,21,25,23,83
"106",100,35,1,1,4,1,1,"1,2,4,5,6,7,8,9",4,1,3,1,1,2,2,3,2,2,1,1,1,3,3,2,1,1,2,2,1,1,6,2,2,1,1,1,3,1,1,6,2,2,1,5,1,2,1,1,1,2,1,1,2,3,1,2,5,2,6,1,1,1,3,2,2,2,27,11,19,20,35,77
"107",100,28,2,1,4,2,4,"2",4,1,3,4,3,3,1,4,3,4,2,3,3,3,4,4,2,4,4,4,3,3,5,1,3,6,6,5,2,5,6,1,5,6,4,6,1,5,1,5,1,5,1,1,5,2,2,1,6,7,5,7,2,6,5,1,1,1,50,12,29,41,64,132
"108",100,30,2,2,5,1,1,"1,2,4,5,7,8,9",5,1,3,2,1,3,4,3,2,2,2,2,1,3,3,3,2,3,1,2,2,2,3,1,1,1,2,4,1,1,1,5,1,4,2,1,1,1,1,1,1,4,1,1,1,5,3,1,5,5,5,6,2,5,5,6,6,6,20,17,28,35,46,100
"109",100,44,1,1,4,1,4,"1,2,4,5,6,7,8,9",3,1,1,1,1,4,1,1,1,1,1,1,1,1,1,1,1,1,1,1,1,1,1,1,1,1,1,1,1,1,1,3,3,7,1,1,1,1,1,3,1,1,1,1,1,2,1,1,1,1,3,1,1,1,1,3,3,3,15,9,24,9,23,57
"110",100,26,3,1,4,2,4,"1,2,3,7,9",2,1,3,2,2,1,3,3,3,3,1,2,3,3,4,3,1,4,2,3,2,1,2,1,3,1,4,1,2,5,3,6,2,6,4,2,1,2,5,5,2,1,2,2,2,5,2,1,5,6,6,5,3,5,4,3,2,5,35,14,35,32,49,116
"111",100,46,2,1,4,3,4,"2,4,5,7",4,1,2,1,4,2,1,2,1,1,1,1,1,1,1,1,1,1,1,1,1,1,1,1,1,1,1,1,1,1,1,2,1,1,7,1,1,1,1,1,1,1,1,1,1,1,1,1,1,1,1,1,1,1,1,2,1,1,19,6,12,7,26,44
"112",100,27,2,1,5,2,2,"5,7,8,9",4,1,1,1,1,3,1,2,3,3,1,2,1,2,2,2,1,1,1,1,2,2,5,3,1,3,2,2,3,3,3,5,4,3,6,7,5,3,6,4,4,2,2,1,2,2,2,2,3,3,3,5,4,5,5,6,6,4,47,16,40,26,33,129
"113",100,23,2,1,8,2,6,"1,2,4,5,7,9",3,1,1,3,2,3,3,1,2,1,1,2,2,2,3,1,3,3,2,2,1,2,2,1,1,1,1,1,1,1,1,5,2,6,4,1,1,1,5,4,1,1,1,2,6,6,5,1,5,5,2,5,2,4,5,5,5,5,21,25,32,27,40,105
"114",100,44,2,1,4,1,8,"1,2,4,5,7,8,9",5,1,1,1,1,2,1,2,1,1,2,1,1,2,3,2,2,3,1,1,1,1,5,2,2,2,2,2,3,2,2,3,1,2,6,4,1,2,1,3,1,5,1,1,5,5,4,3,2,3,5,5,5,5,5,3,2,1,40,19,17,30,30,106
"115",100,28,1,1,2,2,1,"4,6",3,1,3,1,3,2,2,2,2,2,2,1,2,1,4,2,1,4,2,2,2,2,5,5,3,1,4,6,5,7,5,2,1,6,6,6,1,6,2,6,2,2,1,6,1,1,1,5,5,1,2,1,2,2,2,1,2,1,64,16,20,15,42,115
"116",100,21,2,1,3,2,6,"1,2,4,5,6,7,8,9",5,1,2,1,1,3,1,2,2,2,2,1,1,2,2,2,3,2,1,2,1,1,5,3,3,5,3,3,5,5,5,6,5,5,5,5,3,5,2,5,3,5,3,5,5,5,5,6,6,5,5,6,6,6,6,5,3,5,61,26,42,39,34,168
"117",100,35,1,5,4,1,1,"1,2,5,6,7",5,1,1,1,1,1,4,4,1,1,1,2,1,1,2,1,1,1,1,1,1,1,7,1,1,1,1,7,1,1,1,4,3,4,6,1,1,1,1,4,1,1,1,1,4,7,2,1,7,7,6,1,6,6,4,4,7,7,38,22,27,32,28,119
"118",100,18,1,5,3,2,6,"1,4,7,9",3,1,4,1,2,2,1,4,2,4,4,1,1,4,1,4,3,1,2,1,1,1,1,1,1,1,1,2,1,1,1,5,1,2,4,1,1,1,1,1,1,3,1,1,3,5,1,1,6,5,1,1,1,1,1,5,3,5,17,14,23,18,44,72
"119",100,21,1,2,4,2,1,"4,6,7,8",4,1,2,1,1,3,1,2,1,3,3,1,2,3,1,1,1,1,1,1,1,1,5,1,6,2,1,5,5,7,4,2,1,7,3,6,2,4,3,1,4,5,1,2,7,7,1,7,7,2,2,2,2,2,1,1,1,1,59,19,21,21,31,120
"120",100,19,1,1,7,2,6,"1,4,6,7",6,1,2,4,3,2,2,3,1,1,3,1,1,2,3,1,1,1,1,1,1,1,2,7,4,4,4,4,3,1,3,1,1,1,1,4,5,5,7,7,7,7,7,5,7,1,7,1,3,5,1,2,2,7,5,1,5,1,44,32,32,30,35,138
"121",100,19,1,5,3,2,6,"9",2,1,2,1,1,3,1,2,1,1,2,1,1,1,1,1,2,1,1,1,1,1,2,1,1,1,1,4,3,7,1,2,1,2,4,1,1,1,1,4,1,1,1,1,2,3,1,1,5,1,1,1,1,1,1,1,1,1,31,9,12,11,26,63
"122",100,27,1,1,4,2,1,"2,7,9",6,1,1,1,1,4,1,1,3,1,1,1,1,3,2,1,1,1,1,1,1,1,2,1,1,1,1,1,2,2,3,2,1,3,7,1,1,1,1,3,2,1,1,1,2,5,1,1,3,1,1,1,3,7,3,3,5,5,29,15,19,17,28,80
"123",100,20,1,1,7,2,6,"1,6,7,8,9",5,1,3,3,3,3,4,3,3,2,4,3,2,4,3,3,4,2,2,1,3,2,6,1,3,2,1,6,4,5,4,3,2,4,4,5,1,3,2,1,1,2,1,1,7,7,2,6,6,2,2,2,5,1,5,2,5,6,53,23,24,20,57,120
"124",100,26,1,1,5,2,2,"1,4,5,6,7,8,9",6,1,3,1,1,3,2,2,1,1,4,1,1,2,2,1,3,1,2,2,2,2,5,2,3,6,1,2,5,7,2,7,5,6,6,5,6,5,5,2,2,7,5,3,7,7,6,7,6,4,7,5,7,5,5,5,2,5,58,27,51,39,37,175
"125",100,20,1,1,3,2,6,"1,4,5,6,7,9",4,1,1,1,1,4,1,2,1,1,2,1,1,2,1,1,1,4,1,2,1,1,7,1,1,7,1,7,7,7,5,6,2,4,7,7,1,7,1,4,1,7,1,4,1,7,1,5,7,2,7,1,4,5,7,4,2,3,69,16,30,36,30,151
"126",100,21,1,2,3,2,6,"1,5,6,8,9",5,1,3,2,3,2,4,4,4,2,4,2,2,4,4,4,3,4,2,2,3,4,6,1,2,5,2,1,2,2,4,7,6,7,2,3,5,4,5,4,1,1,3,5,2,7,1,2,6,7,5,7,7,7,7,6,7,7,40,23,53,40,62,156
"127",100,55,1,1,4,1,7,"4,5",3,1,4,1,2,2,3,3,1,2,4,4,2,2,2,1,3,2,3,2,1,2,1,1,1,1,1,1,1,1,1,5,1,6,1,1,2,1,2,1,1,1,1,1,1,2,2,1,4,2,1,3,2,3,3,1,1,1,14,8,21,17,46,60
"128",100,44,2,1,4,4,4,"2,4,5,7,9",3,1,1,1,1,4,1,1,1,3,1,1,1,3,3,1,1,1,1,3,1,1,5,1,1,1,1,1,5,1,1,6,1,3,1,1,1,1,1,5,1,5,1,1,1,5,1,1,5,5,1,5,1,1,1,1,5,5,25,14,21,23,31,83
"129",100,27,1,1,5,2,1,"1,2,3,4,5,6",6,1,2,3,3,2,2,2,3,4,4,1,4,3,4,4,2,2,2,1,2,2,4,2,2,1,1,1,1,1,1,3,2,3,4,2,1,1,2,1,1,1,1,1,1,6,2,1,5,5,3,6,2,4,4,4,3,4,22,15,22,28,52,87
"130",100,18,2,1,3,2,6,"1,5,6,7,8,9",6,1,3,2,2,2,4,3,3,2,3,3,3,4,4,4,3,3,1,2,3,3,6,3,3,5,2,2,2,3,2,6,6,5,6,5,5,5,2,4,1,2,3,4,5,5,2,2,5,2,3,2,4,2,4,5,2,5,45,21,44,20,57,130
"131",100,18,1,1,3,2,3,"4,6,7,8,9",6,1,2,1,1,2,1,2,2,2,2,2,1,1,2,2,1,2,1,2,1,1,4,2,2,5,2,2,4,6,3,7,5,7,6,3,2,2,5,7,1,2,2,1,1,6,1,1,7,1,2,2,2,1,1,1,1,4,43,12,40,16,31,111
"132",100,18,1,1,3,2,6,"1,6,7,8",6,1,2,1,3,2,2,2,4,2,3,2,2,4,4,3,4,3,4,2,2,2,5,2,3,2,2,2,4,5,4,6,4,4,3,3,4,2,2,4,2,5,2,4,2,2,2,5,6,4,5,3,5,5,5,5,4,5,47,16,36,33,53,132
"134",100,27,1,5,5,2,2,"1,2,4,5,6,7,8",6,1,2,1,1,2,2,2,2,2,3,1,2,2,4,4,3,3,1,3,1,1,4,1,1,5,5,1,2,4,1,6,1,7,1,1,2,4,1,5,1,1,5,1,6,6,2,6,6,5,2,6,5,5,5,5,6,6,36,22,43,30,42,131
"135",100,23,1,1,3,2,2,"4,5,6,7,9",5,1,2,1,1,4,2,2,2,1,4,1,1,1,1,1,2,2,2,1,1,1,5,2,5,2,1,1,4,6,4,6,1,5,4,3,1,1,1,1,1,1,1,1,1,6,2,6,6,3,1,1,5,2,2,6,5,5,46,17,29,16,33,108
"136",100,18,1,1,3,2,6,"1,6,7",6,1,3,1,2,3,1,3,3,2,4,2,3,4,3,4,4,3,2,3,2,2,5,1,1,1,1,6,6,3,2,5,5,6,4,5,1,2,5,3,2,1,1,2,2,5,1,2,3,2,2,5,3,2,5,6,1,2,44,12,33,20,54,109
"137",100,23,1,1,4,2,4,"1,2,4,5,6,7,8",3,1,3,3,4,1,3,3,3,3,4,3,2,2,4,4,3,4,2,3,2,4,4,3,3,4,1,5,4,2,3,4,2,5,5,5,2,4,5,1,1,5,1,5,2,6,2,2,5,2,4,3,5,1,1,2,2,2,44,20,28,21,60,113
"138",100,19,1,1,3,2,6,"3,4,7,9",2,1,2,1,1,3,2,3,1,4,2,1,1,3,3,1,3,2,1,2,1,1,5,1,3,1,1,6,5,1,1,2,2,2,7,5,2,2,1,6,1,4,2,3,6,2,1,1,7,1,7,2,4,3,2,2,2,2,47,15,17,26,38,105
"139",100,20,2,2,4,2,6,"1,4,5,6,7",6,1,3,1,3,1,1,1,4,2,2,3,1,3,1,2,4,2,1,1,2,1,4,2,2,6,5,5,3,2,1,6,4,2,4,4,4,2,3,2,4,3,2,5,2,5,4,2,6,5,3,6,3,2,5,4,2,5,38,20,41,30,39,129
"140",100,18,1,3,3,2,6,"1,4,6,7,8",5,1,2,3,1,3,3,3,3,2,3,1,1,4,3,3,2,3,1,3,3,2,2,1,1,4,2,6,3,5,4,6,4,4,5,6,3,3,3,4,4,5,2,4,2,6,2,7,6,3,5,3,6,3,5,5,3,4,56,18,37,30,49,141
"141",100,29,1,2,4,2,3,"5,6,7,8",6,1,3,2,4,4,3,4,2,3,2,2,3,4,4,4,1,3,4,2,2,2,5,1,1,5,1,1,5,2,2,6,1,6,6,5,3,5,6,1,1,1,5,5,7,7,5,7,7,5,4,3,5,5,5,1,3,5,46,28,39,30,58,143
"142",100,45,1,1,4,1,1,"1,2,4,7",5,1,2,1,1,4,1,1,1,1,3,1,1,1,1,1,2,1,1,1,1,1,1,1,1,1,1,1,1,1,1,4,1,2,4,1,1,1,1,1,1,1,1,1,2,2,1,1,2,2,1,1,1,1,1,2,2,1,16,9,15,9,27,49
"143",100,25,1,1,4,2,1,"1,2,3,4,5,6,7,8,9",6,1,2,2,2,3,4,2,2,2,3,3,1,2,3,1,1,3,1,2,2,2,5,3,3,4,4,6,4,4,4,2,5,4,3,3,3,4,4,2,3,1,1,4,6,6,6,4,1,4,5,3,4,2,2,1,1,1,49,26,29,18,43,122
"144",100,18,1,1,3,5,6,"6",6,1,2,1,1,2,1,3,1,3,3,1,2,2,4,3,2,2,1,2,1,1,7,2,3,5,2,2,7,7,7,6,5,6,7,5,6,7,7,5,6,7,3,6,6,7,2,6,7,6,7,1,7,4,7,5,7,7,76,30,52,39,38,197
"145",100,19,1,1,3,2,6,"1,2,4,5,6,7,9",4,1,2,2,1,2,3,3,3,2,3,2,2,2,3,2,3,3,3,2,3,3,4,2,2,2,1,2,3,4,2,2,1,2,5,4,2,4,2,6,2,5,2,2,2,2,2,3,5,5,4,4,5,2,2,2,2,2,46,12,18,27,49,103
"146",100,40,2,1,4,1,5,"1,4,5,7,8,9",3,1,1,1,1,4,2,2,1,2,2,2,1,2,2,2,3,2,1,1,1,1,5,1,1,2,1,1,3,1,1,3,1,4,4,1,1,1,6,4,4,2,2,3,4,6,3,1,1,1,1,1,1,2,3,4,1,1,28,18,25,11,34,82
"147",100,33,1,1,5,2,1,"1,2,4,6,7,8,9",6,1,2,1,1,4,1,2,1,1,3,1,2,1,1,1,3,1,1,1,1,1,3,1,1,1,1,1,4,1,1,7,7,7,4,1,1,1,4,4,3,7,5,1,7,7,2,1,7,7,4,7,5,7,7,7,6,7,30,24,47,46,30,147
"148",100,23,1,2,4,2,6,"1,2,3,4,5,6,7,9",6,1,2,1,1,2,1,1,1,1,2,3,1,2,1,2,2,1,4,1,1,1,6,1,1,4,3,5,4,5,5,5,6,5,4,6,5,5,6,4,1,4,1,3,2,3,3,3,5,5,3,7,1,3,4,1,5,3,50,17,39,31,31,137
"149",100,42,1,1,5,1,4,"1,2,4,5,6,7,8",5,1,3,1,1,3,1,1,1,1,2,1,1,1,2,1,1,1,1,1,1,1,1,1,1,1,1,1,1,1,1,1,1,7,4,1,1,1,1,1,1,1,1,1,1,1,1,1,4,1,1,1,1,1,1,1,1,1,16,6,16,10,26,48
"150",100,31,1,1,4,2,1,"1,2,4,5,7,8,9",4,1,1,2,3,4,2,2,1,2,1,1,2,1,4,2,2,4,2,2,4,4,3,1,1,1,1,1,4,4,5,7,5,7,1,1,1,1,1,3,1,7,1,5,1,6,1,1,7,1,6,1,5,1,1,2,6,1,31,20,27,24,46,102
"151",100,19,1,1,3,2,6,"7",3,1,2,1,3,2,2,2,4,2,3,3,3,2,4,2,3,3,2,3,2,2,3,3,3,3,4,6,3,3,6,5,2,6,5,4,3,6,6,6,4,3,1,3,3,2,2,4,6,3,4,5,5,3,4,2,2,3,58,15,35,28,50,136
"152",100,22,2,1,1,2,6,"8",6,1,2,2,2,4,1,2,2,2,3,1,2,3,1,3,2,2,2,1,2,2,5,1,1,1,1,1,1,1,1,4,1,7,1,1,3,1,1,1,1,3,1,1,1,1,1,1,1,5,1,5,5,5,5,1,1,1,21,6,21,25,41,73
"153",100,22,2,3,3,2,6,"1,3,4,5,6,7",4,1,2,3,4,1,4,3,3,4,2,4,2,3,3,2,2,4,3,3,4,4,5,2,1,2,3,4,4,5,1,5,3,6,2,1,1,4,1,1,1,6,2,2,4,6,3,6,6,6,6,6,6,7,7,5,2,4,41,19,32,44,60,136
"154",100,18,5,1,3,2,6,"1,4,5,6,7,8,9",6,1,3,2,4,2,3,4,1,4,3,2,4,1,2,4,1,1,1,2,1,1,5,3,1,6,5,1,5,2,2,7,7,4,1,5,2,4,2,7,4,2,2,1,6,7,1,1,1,1,6,2,6,6,5,2,2,2,44,20,39,23,46,126
"155",100,35,2,1,4,1,1,"1,2,4,5,7,8,9",3,1,1,3,2,2,2,3,2,3,2,2,2,4,3,2,4,3,3,2,3,2,2,2,3,3,2,3,5,5,5,5,6,6,5,3,3,3,4,5,5,5,4,5,6,5,5,5,6,5,6,5,5,5,5,5,7,6,54,30,44,37,50,165
"156",100,24,2,1,5,2,2,"1,2,4,5,8,9",5,1,1,1,1,4,1,1,1,1,1,1,1,3,2,1,1,1,1,1,1,1,2,1,1,1,1,2,2,2,1,3,1,2,5,3,1,1,1,3,1,1,1,1,4,4,1,1,5,4,5,4,4,4,4,1,1,2,28,12,14,27,26,81
"157",100,33,2,1,4,1,1,"1,2,4,5,6,7,8,9",6,1,1,1,1,4,1,1,2,2,2,1,1,2,2,1,2,1,1,1,1,1,3,1,1,2,2,1,4,2,1,5,3,5,2,1,4,4,2,2,1,3,2,2,5,5,5,1,6,6,6,6,5,6,5,5,5,4,28,23,34,38,29,123
"158",100,26,1,1,3,2,1,"1,2,4,5,6,7,8,9",6,1,3,1,1,2,1,2,1,1,2,1,2,2,1,2,2,1,1,1,2,1,3,4,4,4,2,5,5,5,5,6,3,7,3,1,5,4,5,2,1,1,1,6,5,6,5,4,5,6,6,7,4,3,2,3,4,2,46,30,38,30,30,144
"159",100,26,1,2,4,2,1,"1,2,3,4,5,6,7,8,9",6,1,2,1,2,3,1,3,1,1,1,1,1,2,2,1,1,3,2,1,1,1,5,1,1,2,1,1,5,5,2,6,5,7,4,1,1,2,5,3,1,4,2,5,6,6,5,5,3,3,4,6,2,5,6,5,2,4,37,25,38,31,31,131
"160",100,49,1,1,4,1,4,"1,2,9",3,1,1,1,1,4,1,3,3,2,2,1,1,2,1,1,2,2,1,3,2,3,2,1,2,1,2,1,2,3,3,5,2,6,6,7,2,5,2,4,2,2,2,1,1,2,2,1,2,2,2,7,2,5,3,2,1,2,40,8,26,23,37,97
"161",100,32,2,1,3,1,4,"2,4,5,6,7,8,9",2,1,1,1,1,4,2,3,2,1,1,1,1,2,3,1,2,2,1,1,1,2,1,1,1,1,1,1,1,1,1,2,2,6,5,5,1,6,3,1,1,1,1,1,1,1,1,1,6,5,2,2,1,1,1,4,3,5,26,8,26,18,33,78
"162",100,23,2,1,4,2,3,"1,3,4,5,6,7,8,9",6,1,1,1,1,3,1,1,1,1,2,2,1,1,1,1,2,1,1,2,1,1,5,1,2,1,1,3,5,5,1,5,2,5,4,1,1,4,1,1,1,2,1,1,1,5,1,1,2,2,5,6,5,1,1,5,2,2,38,11,24,19,26,92
"163",100,38,1,6,5,2,1,"2",5,1,2,1,1,3,1,2,1,1,4,1,1,2,1,3,1,2,1,1,1,1,3,1,3,1,1,1,3,1,1,1,5,6,2,1,3,1,5,2,1,5,1,3,1,6,1,3,5,5,6,2,3,3,3,3,4,4,25,16,30,29,31,100
"164",100,61,2,1,4,1,7,"4,6,7,8,9",4,1,2,3,1,3,2,2,2,3,2,1,1,2,3,1,2,2,1,1,1,1,1,1,1,1,1,1,1,1,1,1,1,3,1,1,1,1,1,1,1,1,1,1,1,1,1,1,5,1,1,1,1,1,1,1,1,1,13,6,12,11,36,42
"165",100,50,2,1,2,1,7,"2,4,5,6,7,8,9",4,1,1,3,3,4,1,1,2,1,1,1,2,2,3,1,2,2,4,3,1,1,4,1,1,4,2,3,5,6,4,6,4,7,6,2,1,3,1,1,1,6,5,4,5,6,3,5,7,5,6,4,6,6,5,6,4,2,47,23,38,39,39,147
"166",100,53,2,1,5,1,1,"1,2,4,5,7,8",3,1,2,1,1,4,1,1,1,3,1,1,2,1,1,1,1,1,1,2,1,1,1,1,1,2,6,1,1,2,2,6,2,6,4,5,1,4,2,2,1,5,1,5,2,5,1,2,3,5,6,2,5,6,2,5,1,5,31,15,36,29,28,111
"167",100,50,2,1,4,1,4,"2,4,5,6,7",2,1,2,1,1,3,1,2,3,3,1,2,1,1,1,1,1,2,1,3,1,2,1,1,1,1,1,1,1,1,1,1,1,6,1,1,1,1,1,1,1,1,1,1,1,1,1,1,1,1,1,1,1,1,1,1,1,1,13,6,15,7,33,41
"168",100,53,2,1,4,1,7,"4,5,6,7",4,1,2,1,1,4,1,2,2,2,1,1,1,2,1,2,2,1,3,1,1,1,2,1,1,1,1,1,1,1,1,7,2,5,1,1,1,4,1,1,1,5,1,1,1,2,2,1,5,1,5,1,2,1,1,5,6,2,18,13,26,19,32,76
"169",100,20,1,1,4,2,6,"1,7,8,9",4,1,2,1,1,4,4,3,1,1,2,1,1,1,3,2,3,1,3,2,1,1,5,1,5,1,3,1,6,6,1,2,1,2,6,2,1,1,1,4,1,1,1,1,6,6,2,1,6,2,1,1,5,4,1,3,5,1,44,21,16,16,38,97
"170",100,54,1,1,4,1,4,"1,2,3,4,5,7,9",5,1,3,3,2,4,1,2,1,2,4,1,1,2,2,1,3,2,2,2,3,3,2,1,1,1,1,1,2,1,1,2,1,2,2,1,1,1,2,1,1,1,1,1,1,5,1,1,3,3,1,2,1,2,1,1,1,4,16,10,16,13,44,55
"171",100,42,2,1,5,1,1,"1,2,4,5,7,9",6,1,1,1,1,4,1,1,1,1,1,1,1,1,3,1,1,1,1,2,1,1,1,1,1,1,1,1,1,1,1,3,1,3,7,1,1,1,1,1,1,1,1,1,1,1,1,1,6,7,4,1,1,1,1,1,1,1,19,6,14,21,26,60
"172",100,48,2,1,4,2,1,"1,2,4,5,6,7,8,9",3,1,2,1,1,3,1,1,3,2,1,1,1,3,4,1,1,1,1,2,1,1,2,1,1,1,1,3,1,4,2,3,2,4,1,1,1,2,1,2,2,1,1,1,2,3,3,4,5,1,1,3,2,1,1,5,5,2,27,15,21,13,32,76
"173",100,37,1,1,4,1,1,"1,2,4,5,7,9",2,1,1,1,1,3,2,2,1,2,1,2,1,2,1,1,2,2,2,2,1,1,5,2,3,2,2,2,3,3,3,3,3,5,3,4,3,2,2,3,1,2,1,1,3,6,4,3,5,3,5,5,5,5,3,4,5,3,40,21,28,28,31,117
"174",100,34,2,1,5,1,5,"1,2,4,5,7,8,9",4,1,2,1,1,4,1,3,4,2,2,1,1,4,3,1,4,3,1,2,2,2,1,1,1,5,6,1,5,5,4,6,2,7,4,1,1,1,1,1,1,7,5,5,5,7,5,1,7,6,6,6,5,7,3,5,7,6,31,30,44,42,44,147
"175",100,30,2,1,4,1,2,"1,2,3,4,5,7,8,9",6,1,1,1,1,4,3,2,2,2,1,1,1,2,2,2,2,2,1,2,1,1,2,2,2,1,1,1,2,2,1,2,2,2,6,2,2,2,2,6,2,2,1,1,2,6,3,2,2,2,5,2,5,5,2,2,4,5,35,18,20,20,34,93
"176",100,22,2,5,3,2,6,"1,2,4,5,6,7,8,9",3,1,1,1,1,4,1,1,1,1,1,1,1,2,1,1,1,1,1,1,1,1,5,1,5,2,1,2,5,6,4,5,2,3,6,2,5,4,1,5,1,1,2,2,6,7,5,1,7,7,7,3,7,6,2,5,1,5,53,22,31,33,24,139
"177",100,24,2,1,4,2,1,"1,2,4,5,6,7,8,9",5,1,2,2,1,3,1,3,1,1,2,1,2,2,1,2,3,1,2,3,1,2,5,1,4,2,4,3,5,1,2,6,2,3,4,1,3,3,2,1,2,3,2,2,6,6,5,2,7,2,5,5,5,5,2,3,2,2,38,22,29,29,36,118
"178",100,45,2,1,5,1,1,"1,2,4,6,9",4,1,2,1,1,4,1,1,2,1,1,1,1,1,1,1,1,1,1,1,1,1,2,1,1,1,1,1,1,1,1,1,1,2,1,1,1,2,2,1,1,1,1,1,1,2,1,1,5,1,1,1,1,1,1,1,1,2,15,7,13,11,25,46
"179",100,45,2,1,4,1,2,"1,2,4,5,6,7,9",5,1,1,1,1,4,1,2,2,2,1,1,1,1,1,1,1,2,1,1,1,1,2,1,1,2,1,4,4,6,2,4,1,5,6,4,1,2,1,4,1,2,1,1,6,5,2,2,5,4,3,5,4,3,2,2,2,1,42,17,19,24,27,102
"180",100,30,1,1,5,1,6,"1,2,4,5,6,7",3,1,1,1,1,4,3,2,2,2,1,1,1,2,2,1,1,2,1,2,1,1,1,1,1,1,1,1,2,1,1,2,1,3,5,1,1,1,1,1,1,3,1,1,5,5,2,1,3,3,2,3,3,2,2,1,1,1,20,15,13,18,32,66
"181",100,19,2,1,3,2,6,"9",5,1,1,1,2,3,2,2,2,1,1,1,2,2,2,2,1,2,2,2,2,2,5,1,2,3,3,2,5,5,3,6,5,6,5,3,3,2,2,6,2,5,2,5,6,5,4,2,6,6,6,6,5,3,6,5,5,5,47,26,40,38,35,151
"182",100,23,2,2,4,2,6,"1",6,1,1,1,1,4,1,2,3,1,2,1,1,1,2,2,2,1,1,2,1,1,6,1,6,2,1,4,5,5,5,6,2,7,5,6,3,3,2,5,5,3,1,5,2,5,1,1,7,2,2,2,5,6,2,2,2,2,61,16,28,24,31,129
"183",100,48,1,1,5,3,4,"2,4,5,7,9",5,1,3,1,2,3,3,3,3,1,1,2,3,1,2,3,1,3,3,2,2,1,1,1,2,3,3,1,3,4,2,2,3,5,2,2,4,5,1,2,1,2,1,1,3,4,1,3,5,3,7,7,2,4,5,5,6,7,30,16,34,33,43,113
"184",100,63,2,1,3,3,7,"6,7,8",3,1,2,3,2,3,2,2,3,3,3,4,1,1,4,3,4,3,2,2,3,3,3,1,1,1,3,1,3,3,3,5,3,5,3,3,3,3,3,3,3,3,5,3,5,4,4,4,2,2,1,3,5,5,5,6,5,5,38,22,39,21,53,120
"185",100,74,2,1,1,4,5,"6,7,8,9",3,1,1,1,2,3,1,1,1,2,2,2,1,2,2,2,1,1,1,3,1,1,4,1,4,4,5,1,6,4,1,5,5,7,1,1,2,3,2,1,1,3,2,7,3,3,5,1,6,4,6,2,6,3,1,4,2,5,34,21,41,25,31,121
"186",100,35,2,1,4,1,5,"4,5,7,9",2,1,2,2,2,3,2,2,2,1,3,1,3,2,2,2,3,1,2,3,1,2,5,1,1,2,2,1,2,1,1,5,3,6,1,1,2,1,2,2,1,5,1,2,5,4,5,2,5,4,1,5,2,2,4,5,5,5,21,22,33,26,41,102
"187",100,47,1,1,5,1,4,"2,4",6,1,3,1,1,3,2,3,3,2,4,2,3,3,4,2,2,3,1,3,2,2,6,2,1,1,3,1,4,2,1,3,1,2,1,2,2,2,4,3,1,5,2,2,2,2,1,1,6,3,4,3,5,5,5,1,1,1,30,10,20,31,49,91
"188",100,43,2,1,3,1,1,"5,7,8,9",2,1,1,1,4,1,1,1,1,1,1,1,1,1,1,1,1,1,1,1,1,1,4,1,1,1,1,1,1,1,1,1,1,1,4,1,1,1,1,1,1,1,1,1,1,1,1,1,5,1,1,1,1,1,1,1,1,1,19,6,10,11,23,46
"189",100,30,2,1,5,1,3,"1,3,4,5,7,8,9",5,1,1,1,1,2,2,1,1,1,1,1,1,2,1,1,1,1,1,1,2,2,4,1,1,1,1,1,1,2,1,5,1,5,4,1,1,1,1,1,1,4,1,1,6,5,3,1,6,1,2,1,1,1,1,5,4,5,20,20,26,16,25,82
"190",100,57,2,2,3,3,4,"2,7,9",4,1,1,1,4,1,1,2,3,3,1,2,1,3,1,1,1,2,1,1,1,1,5,1,1,1,1,1,2,1,1,2,2,6,3,2,1,1,1,1,2,1,1,1,1,1,1,1,1,1,1,1,1,1,1,1,2,1,22,7,17,7,32,53
"191",100,36,2,1,6,1,5,"1,2,4,5,9",2,1,3,3,2,3,2,2,3,2,2,3,3,2,2,3,3,2,3,2,3,2,2,1,1,2,5,2,2,1,2,6,4,3,1,2,2,1,1,4,1,5,1,5,4,5,1,1,5,4,5,3,5,5,5,4,5,5,25,21,33,32,50,111
"192",100,46,1,1,5,2,4,"1,2,4,7,8,9",5,1,2,3,4,2,2,3,3,1,2,2,3,3,4,3,1,2,3,3,2,2,1,1,1,2,1,3,3,1,1,3,1,6,2,2,2,1,4,1,2,1,1,6,4,6,1,1,6,2,6,6,5,2,2,2,1,1,24,19,23,25,50,91
"193",100,28,2,1,5,2,4,"9",4,1,2,1,1,3,1,3,3,1,2,1,1,1,1,2,1,1,1,2,1,1,3,1,3,1,1,1,5,4,2,7,3,6,4,1,1,2,1,7,1,1,4,1,7,5,1,1,4,5,1,5,4,5,5,7,7,6,38,22,37,26,30,123
"194",100,43,1,1,5,1,4,"2,7",4,1,3,1,1,3,1,1,1,1,1,1,1,2,1,1,1,1,1,1,1,1,1,1,2,1,2,1,1,4,1,2,1,5,4,2,1,1,1,1,1,1,1,1,1,1,1,1,5,5,1,5,4,5,4,5,5,1,24,10,20,26,25,80
"195",100,43,2,1,4,1,1,"2,4,5,7,9",5,1,3,1,1,2,3,3,4,3,1,1,2,1,1,3,1,2,1,1,1,1,1,1,1,1,5,1,1,1,4,7,1,7,1,1,1,1,1,4,1,6,4,5,1,4,1,1,7,1,7,1,7,1,4,1,1,1,25,13,29,27,36,94
"196",100,34,2,1,5,1,1,"2",5,1,1,1,1,2,1,2,2,1,1,1,1,1,2,1,1,2,1,2,1,1,3,1,1,1,1,1,2,1,1,1,2,2,2,1,1,1,1,1,1,1,2,1,1,2,2,2,2,4,1,1,1,1,1,2,3,4,18,10,17,11,26,56
"197",100,29,2,1,4,2,1,"5,6,7,8",4,1,1,1,1,3,2,2,1,2,2,2,2,2,2,2,2,2,2,2,1,1,5,2,2,2,4,5,2,5,2,4,2,3,4,2,2,5,2,5,2,6,2,3,5,5,2,6,6,2,5,2,5,2,2,2,2,5,50,19,28,25,35,122
"198",100,71,1,1,4,1,7,"2,5,6,7,8",4,1,2,1,1,4,1,1,1,2,1,1,1,3,1,1,1,2,1,1,1,1,1,1,1,1,1,1,4,4,1,1,1,1,4,2,1,4,1,1,1,1,1,1,1,1,1,1,3,1,4,1,3,1,1,1,1,1,28,6,10,12,28,56
"199",100,65,2,1,4,1,7,"1,4,7,9",3,1,1,4,4,3,2,2,2,2,2,2,3,4,3,3,2,2,1,2,1,1,2,1,1,1,1,1,1,1,1,2,2,6,4,1,1,1,2,2,1,1,1,1,1,1,1,1,5,2,2,1,2,2,1,1,1,1,19,6,18,14,46,57
"200",100,30,1,1,4,2,9,"1,2,4,5,6,7,8,9",6,1,2,2,1,3,2,2,2,1,4,1,1,3,1,2,2,1,1,3,2,2,6,2,4,3,1,5,6,6,2,4,2,5,5,4,2,5,4,5,2,5,2,6,3,5,2,2,3,4,4,2,5,3,4,1,1,1,57,19,25,25,38,126
"201",100,70,2,1,3,1,5,"5,6,7,8,9",5,1,1,1,4,4,1,1,1,3,1,1,1,3,4,1,1,2,1,1,1,1,1,1,1,3,4,1,4,6,1,2,1,6,4,1,1,4,2,4,2,4,1,5,1,3,1,2,4,2,5,1,3,1,1,1,1,1,34,12,22,18,34,86
"202",100,51,1,1,4,1,1,"4,5,7,8,9",4,1,1,1,1,4,1,1,1,1,1,1,1,1,1,1,1,1,1,1,1,1,3,1,1,1,1,2,2,1,1,1,1,1,7,1,1,1,1,1,1,1,1,1,1,1,1,1,6,6,2,1,1,5,2,1,1,1,23,6,10,23,23,62
"203",100,57,2,1,4,2,1,"1,2,3,4,5,6,7,9",2,1,4,1,1,1,2,2,1,3,2,2,3,2,2,1,4,2,3,2,2,2,1,1,1,1,1,1,1,1,1,1,5,7,1,1,6,1,1,1,1,1,1,1,1,1,1,1,1,1,6,6,1,1,1,1,1,1,13,6,25,17,42,61
"204",100,52,2,1,4,3,1,"1,2,4,5,7,9",2,1,1,1,1,3,2,1,1,1,1,1,1,4,2,1,1,1,1,2,1,1,1,1,1,1,1,1,1,1,1,1,1,1,1,1,1,1,1,1,1,1,1,1,1,1,1,1,6,1,1,1,2,1,1,1,1,1,14,6,10,12,28,42
"205",100,60,1,1,4,3,7,"1,4,5,7,8,9",4,1,2,1,1,3,1,2,2,1,2,1,1,1,2,1,2,1,1,1,1,1,5,1,3,1,1,2,2,6,4,5,1,2,6,2,1,1,2,1,1,1,1,1,2,3,1,2,6,1,5,1,5,1,1,1,5,2,40,13,17,16,28,86
"206",100,29,2,1,4,2,1,"2,4,5,6,7,8,9",6,1,1,1,1,4,1,1,3,2,2,2,1,1,3,2,2,2,3,2,2,2,6,1,5,5,4,1,6,6,1,4,4,7,4,4,1,1,2,4,2,6,2,3,6,6,5,1,6,6,6,6,6,6,6,2,2,2,47,23,33,42,38,145
"207",100,39,2,2,4,2,3,"10",5,1,4,2,2,3,1,2,2,1,1,3,2,2,2,3,1,2,3,2,1,1,5,1,2,2,2,2,4,2,1,5,1,7,1,1,1,1,1,1,1,1,1,1,1,1,1,1,1,1,1,1,1,1,1,1,1,1,23,6,22,7,40,58
"208",100,29,2,1,4,2,1,"1,2,4,5,7,8,9",5,1,2,1,1,3,3,1,3,2,1,1,2,3,3,3,2,2,2,3,1,2,1,1,1,6,6,5,1,5,1,6,1,6,4,1,6,1,1,5,1,1,6,1,6,6,5,1,6,2,5,2,1,2,3,5,7,7,28,26,50,21,41,125
"209",100,27,2,1,5,2,3,"9",3,1,3,3,2,3,3,3,3,2,1,2,2,2,3,3,3,2,2,3,3,3,4,3,2,3,4,2,3,4,5,5,3,3,5,2,1,2,2,4,4,2,1,1,1,3,1,4,4,5,2,5,4,3,4,4,5,4,45,14,30,25,51,114
"210",100,37,2,1,7,1,5,"1,4,5,7,8,9",3,1,2,1,1,3,3,3,3,1,3,1,1,2,3,1,1,2,1,1,1,2,3,1,1,1,1,1,1,1,1,4,3,4,1,1,1,1,1,1,1,1,1,5,4,3,1,4,2,1,1,1,1,1,1,1,1,1,18,15,18,8,36,59
"211",100,25,2,1,4,2,3,"1,4,5,7,8,9",6,1,1,1,1,4,1,1,1,1,2,1,1,1,1,1,2,1,1,1,1,1,5,1,1,1,5,1,2,3,4,7,5,7,7,2,2,5,2,4,1,2,3,2,6,7,5,2,7,5,5,6,5,6,5,5,6,6,42,27,43,36,25,148
"212",100,53,1,1,4,3,7,"7",5,1,1,3,3,4,1,1,4,4,1,2,3,2,3,3,1,1,1,3,1,2,1,1,1,1,1,1,1,1,1,4,1,7,4,1,1,1,1,5,1,1,1,5,1,1,1,1,1,1,3,1,1,1,1,1,1,1,20,10,19,9,44,58
"213",100,50,1,1,5,2,7,"1,2,4,5,7,9",4,1,1,3,3,1,1,2,2,2,2,3,2,4,4,3,2,2,2,1,4,3,1,3,3,3,3,4,5,5,5,4,1,3,2,3,3,7,6,6,5,4,3,3,2,2,4,3,6,6,6,5,4,3,2,2,4,3,53,18,31,32,47,134
"214",100,54,2,5,4,3,7,"2,7,9",3,1,1,4,4,3,2,2,2,1,1,2,1,4,3,1,1,1,1,2,1,1,2,1,1,1,1,2,3,2,2,1,2,1,6,1,1,1,2,2,2,2,1,1,2,2,2,2,2,2,2,2,3,1,1,2,1,1,29,9,13,12,38,63
"215",100,44,2,3,4,1,2,"5,7",1,1,1,1,1,4,1,1,1,2,1,1,1,3,3,1,2,2,1,2,1,1,2,1,1,1,1,1,1,1,1,1,1,1,1,1,1,1,1,1,1,1,1,1,1,1,1,1,5,1,1,1,1,1,1,1,1,1,14,6,10,11,31,41
"216",100,46,1,3,4,2,3,"5,6,7,9",3,1,3,1,1,4,1,2,1,2,3,1,1,3,2,2,4,2,1,1,1,2,6,1,1,1,1,1,3,5,1,6,3,7,4,3,1,3,1,1,1,1,1,3,5,5,1,2,7,7,1,1,5,1,1,7,3,6,36,18,34,19,38,107
"217",100,20,2,3,3,2,6,"1,4,5,6,7,8,9",6,1,3,3,3,2,2,2,3,3,3,2,3,2,4,4,4,3,3,3,2,3,5,2,3,2,6,3,5,5,4,7,7,7,2,2,5,5,4,2,2,6,5,6,5,6,6,5,7,5,7,7,7,7,6,5,5,7,50,30,55,45,57,180
"218",100,51,2,5,3,1,1,"4,5,7,9",2,1,1,1,1,4,3,3,1,1,1,1,1,3,3,1,1,1,1,1,1,1,5,1,1,1,1,1,4,1,1,2,1,7,7,1,1,1,1,1,1,1,1,1,1,1,1,1,5,1,1,1,1,1,1,1,1,1,26,6,17,11,31,60
"219",100,18,2,3,3,2,6,"4,6,7,9",5,1,2,3,3,3,4,3,3,3,2,2,2,2,4,3,2,3,1,2,2,3,5,2,5,2,4,5,6,6,6,7,7,7,2,6,5,6,3,3,1,5,2,6,2,5,6,1,7,5,5,5,6,5,6,6,6,5,58,27,48,38,52,171
"220",100,66,1,1,3,1,7,"2,4,9",2,1,3,1,2,2,1,3,2,3,1,1,1,1,2,1,1,1,1,1,1,1,5,1,1,2,2,5,5,5,5,2,1,3,5,2,1,5,2,1,2,5,1,1,2,2,2,2,5,5,5,5,2,2,1,2,2,1,45,10,17,28,30,100
"221",100,31,2,5,7,2,8,"9",1,1,3,3,3,4,1,2,3,2,4,1,1,2,2,1,3,3,1,1,2,3,1,1,1,3,4,1,5,3,1,4,3,5,4,5,1,1,3,5,1,7,1,4,1,1,1,1,6,5,7,5,4,2,2,4,5,7,33,13,35,34,45,115
"222",100,59,1,1,3,1,7,"1,4,5,6,7,8,9",5,1,2,2,3,1,2,2,3,3,2,2,3,1,1,1,2,1,4,3,1,1,5,1,2,4,4,3,2,3,1,4,5,3,4,4,6,4,4,4,3,5,4,5,4,3,4,4,6,6,4,5,4,3,4,3,1,1,43,18,38,33,40,132
"223",100,26,2,1,5,2,1,"3,5,7,9",5,1,1,1,4,3,1,2,1,1,1,1,1,3,1,3,2,2,1,2,2,2,1,1,1,2,1,1,1,2,2,7,3,7,7,1,1,1,1,2,1,7,3,1,1,1,1,1,7,7,7,7,5,4,7,6,1,4,26,6,35,46,35,113
"224",100,41,2,1,3,2,1,"4,5,7,8,9",3,1,3,1,1,2,4,4,1,1,1,4,1,1,1,1,1,1,4,3,1,1,3,3,1,5,2,2,5,3,5,6,6,5,3,5,3,3,3,3,1,3,3,5,3,5,5,2,5,1,5,2,5,3,1,2,5,5,41,26,40,20,37,127
"225",100,25,2,1,5,2,1,"4,5,6,8,9",5,1,3,1,1,4,2,3,4,3,3,1,1,2,1,1,2,1,1,1,1,1,3,1,1,2,1,2,3,6,2,6,4,7,6,2,2,2,5,4,1,5,2,1,6,7,5,1,7,6,7,7,6,5,7,7,6,7,39,26,43,44,37,152
"226",100,24,2,2,4,2,3,"4,9",5,1,3,1,1,3,3,4,2,2,3,2,1,1,1,1,1,2,1,1,2,2,5,1,2,1,1,1,1,3,1,4,1,6,5,1,4,2,1,1,1,1,1,1,1,5,1,1,4,1,5,1,1,1,4,3,1,1,25,10,23,17,37,75
"227",100,32,2,3,4,1,1,"1,2,4,5,6,7,8,9",5,1,1,1,1,4,1,2,3,2,1,1,2,3,2,1,2,2,2,2,2,2,1,1,1,1,5,1,1,1,1,1,1,4,1,1,2,1,1,1,1,1,1,1,1,1,1,1,3,1,3,4,3,3,4,4,6,4,15,11,24,19,37,69
"228",100,46,1,1,3,1,1,"8",2,1,3,2,1,4,1,1,3,4,1,2,1,4,4,1,1,1,1,1,1,1,1,1,1,1,1,1,1,1,1,1,1,2,1,1,1,1,1,1,1,1,1,1,1,1,1,1,6,1,1,1,1,5,1,1,1,1,13,6,11,16,38,46
"229",100,63,2,1,4,1,7,"1,4,7,9",1,1,2,2,1,3,1,2,1,1,1,1,1,1,1,1,3,2,1,3,1,1,1,1,1,1,1,1,4,1,1,3,1,1,4,1,1,1,1,4,1,3,1,4,1,1,1,3,5,4,3,1,3,5,3,1,4,1,26,12,12,24,30,74
"230",100,35,2,1,4,1,1,"2,4,5,7,8,9",4,1,1,1,1,4,1,1,2,1,1,1,1,2,4,1,1,1,1,1,1,1,4,1,1,1,5,1,4,6,1,6,2,6,3,1,1,1,1,5,1,1,1,1,5,5,5,1,5,1,5,1,5,1,1,5,7,5,34,24,33,15,28,106
"231",100,31,2,1,4,2,3,"4,5,6,7,8,9",4,1,2,3,3,3,2,3,4,3,2,2,3,3,3,3,2,2,3,3,2,2,2,2,1,1,1,1,1,1,1,5,1,3,5,1,2,1,2,2,1,2,1,1,2,3,2,3,5,6,5,5,2,2,4,5,5,5,22,15,26,29,53,92
"232",100,54,2,1,4,3,1,"1,2,4,5,6,7,9",6,1,2,1,1,4,1,2,3,2,3,1,1,2,2,1,2,1,1,1,1,1,2,1,2,1,2,4,5,5,1,2,1,3,6,2,2,2,2,4,2,2,1,2,5,6,5,2,5,2,2,2,2,2,2,2,1,1,39,20,17,17,33,93
"233",100,62,2,1,3,1,7,"4,7,9",2,1,2,1,1,2,3,2,1,3,4,3,1,1,3,1,2,2,1,1,3,1,1,1,1,1,2,1,1,1,1,2,1,1,4,1,1,1,1,1,1,1,1,1,1,1,1,1,6,2,1,1,1,1,2,1,1,2,16,6,13,14,38,49
"234",100,36,1,6,4,1,1,"1,4,5",3,1,1,1,1,1,1,1,2,1,1,2,1,1,1,1,1,2,1,1,1,1,3,1,2,1,6,7,5,3,3,5,1,6,2,3,1,1,2,2,2,2,2,2,2,1,2,2,1,1,2,4,4,4,4,2,7,7,39,15,33,18,23,105
"235",100,26,2,1,4,2,1,"8",5,1,1,1,1,3,1,1,3,1,1,2,1,2,1,2,1,2,2,2,1,2,4,1,1,1,1,1,3,1,1,4,1,3,3,1,1,1,1,1,1,4,1,1,1,1,1,3,2,2,3,5,4,1,1,2,2,3,25,7,18,18,31,68
"236",100,66,5,2,4,1,7,"4,6,7",5,1,1,4,3,3,2,2,3,3,2,2,2,4,4,4,1,1,1,3,2,2,6,2,5,5,1,7,5,2,4,5,5,5,1,1,1,4,2,6,1,1,1,3,1,1,1,1,2,2,1,1,1,3,4,1,5,3,44,13,29,14,49,100
"237",100,25,2,5,2,2,6,"4,9",4,1,2,3,3,3,2,2,3,3,2,2,3,3,3,3,2,2,3,3,2,2,3,3,4,4,4,4,4,4,4,4,4,5,3,3,3,3,3,3,3,3,4,4,4,4,4,4,4,4,4,4,4,4,4,5,7,7,46,26,43,27,51,142
"238",100,27,2,1,5,2,2,"9",3,1,1,2,1,4,1,1,2,1,4,1,1,2,1,1,2,1,1,4,1,1,2,1,1,2,2,1,2,3,1,6,2,7,2,1,1,2,1,6,1,5,1,1,5,5,1,1,6,7,7,7,7,7,6,5,2,2,30,15,29,45,33,119
"239",100,24,1,1,4,2,8,"1,2,4,5,6,7,8,9",3,1,1,1,1,1,1,1,1,1,2,1,1,3,1,1,1,1,1,1,1,1,4,1,4,1,1,1,5,4,1,7,1,4,4,1,1,1,1,4,1,7,1,4,7,7,6,1,5,1,5,3,3,4,4,3,1,1,34,26,21,29,23,110
"240",100,25,2,1,4,2,1,"1,2,3,4,5,6,7,8,9",6,1,2,3,2,2,4,1,3,2,1,1,1,2,2,2,3,3,1,1,3,2,5,4,4,2,3,4,5,4,5,6,4,7,3,5,3,4,4,4,2,6,1,5,5,5,4,2,7,7,7,7,5,7,7,7,7,7,52,30,44,48,41,174
"241",100,60,1,1,4,1,7,"4",6,1,1,1,1,4,2,2,3,1,1,1,1,2,2,1,1,1,1,1,1,3,2,1,1,1,1,1,5,6,1,5,2,7,6,5,1,1,1,5,1,1,1,2,1,5,1,2,5,1,1,1,5,1,1,1,3,1,41,13,21,11,31,86
"242",100,26,2,1,5,2,6,"1,9",5,1,1,1,1,4,1,1,1,1,1,1,1,2,1,1,2,2,1,2,1,1,1,1,1,1,1,1,5,6,1,4,2,6,6,1,1,2,2,1,1,1,1,1,4,5,1,1,5,5,1,5,4,1,1,5,5,5,31,17,28,19,27,95
"243",100,27,2,1,5,2,1,"1,2,4,8,9",3,1,2,1,1,4,1,2,2,1,1,1,2,2,2,2,1,1,1,1,2,2,1,1,1,1,1,1,1,1,1,5,1,4,3,1,1,1,2,1,1,5,1,1,1,6,1,1,5,2,4,5,4,5,5,2,2,1,18,12,19,31,32,80
"244",100,29,2,1,5,1,1,"1,2,4,5,7,8,9",3,1,1,1,3,2,2,3,3,2,2,2,2,2,2,2,2,2,2,2,2,2,5,1,4,5,5,2,2,4,4,6,2,6,4,5,2,3,2,5,2,5,2,3,4,5,3,1,5,6,6,6,6,6,6,5,5,5,47,21,40,40,41,148
"245",100,44,2,1,4,3,1,"1,2,5,7,8,9",4,1,2,2,2,3,3,3,3,1,2,2,1,3,3,3,2,2,1,2,1,1,1,1,1,1,1,5,3,5,2,2,1,2,5,5,1,1,1,1,2,1,1,1,6,2,2,1,6,1,1,1,2,1,1,1,1,1,34,13,12,12,42,71
"246",100,70,2,1,3,3,7,"4,5,7,9",2,1,1,4,4,3,1,2,2,2,1,1,1,1,1,2,1,1,1,1,1,2,6,1,4,3,1,2,5,6,1,5,1,4,6,1,2,3,2,3,1,3,2,5,1,3,2,1,5,6,2,5,6,5,5,5,2,1,45,14,26,31,33,116
"247",100,24,2,1,4,2,3,"1,4,5,7,9",5,1,2,1,1,3,1,1,1,2,2,1,2,1,2,2,2,1,1,2,1,1,3,1,1,1,2,2,4,3,2,5,1,5,4,2,1,1,1,1,1,1,1,2,3,5,3,1,3,2,1,5,1,1,1,7,5,3,26,19,27,14,30,86
"248",100,41,1,1,5,1,2,"1,2,4,5,7",6,1,2,1,1,4,2,3,1,4,4,2,1,1,1,1,1,3,1,1,1,1,4,1,1,1,1,1,1,6,1,7,6,7,6,1,1,1,1,4,1,1,1,2,1,7,3,1,6,2,1,1,1,1,1,7,7,7,29,21,39,13,36,102
"249",100,48,2,1,4,1,5,"5,7",2,1,4,1,1,1,1,1,1,1,1,1,1,1,1,1,1,1,1,1,1,1,1,1,1,1,1,3,1,1,1,2,2,6,2,1,1,1,1,1,1,2,1,1,2,3,5,1,5,1,5,1,1,1,1,1,2,1,16,14,17,16,23,63
"250",100,21,2,1,4,2,6,"4,7,9",4,1,2,2,2,3,2,2,4,1,2,2,4,3,4,3,2,4,3,2,2,2,6,1,2,1,3,5,5,3,5,6,4,7,2,1,3,4,3,7,4,7,2,4,5,5,1,1,6,7,7,7,7,7,7,6,7,7,52,23,42,48,51,165
"251",100,44,1,1,5,1,4,"2,4,5,7,9",6,1,1,1,1,4,2,3,2,2,1,1,1,1,2,1,1,1,1,3,1,1,1,1,1,1,1,1,2,1,1,5,1,4,4,1,1,1,1,4,1,6,1,2,2,5,1,5,5,2,5,1,5,2,2,1,3,1,28,14,17,23,31,82
"252",100,44,1,1,4,1,1,"1,5,7,8,9",5,1,2,3,3,4,4,3,3,2,3,3,3,2,2,3,2,2,2,2,3,2,3,1,3,1,1,1,3,3,2,6,5,3,5,2,2,2,7,5,2,2,2,2,6,6,3,6,5,6,6,2,6,6,3,5,5,5,43,23,37,30,53,133
"253",100,57,1,1,4,1,7,"1,4,5,6,7,9",6,1,2,1,1,4,1,2,2,3,1,1,1,1,2,1,1,2,1,2,2,2,1,1,1,1,1,5,5,1,1,3,3,5,6,4,2,1,1,5,1,1,1,5,5,5,2,1,6,6,1,1,5,1,3,2,5,5,37,23,24,19,33,103
"254",100,45,2,1,4,1,1,"1,2,4,5,6",2,1,1,1,1,4,1,1,1,1,1,1,1,1,2,1,1,1,1,1,1,1,5,1,1,1,1,1,1,2,1,5,2,7,1,1,1,1,1,1,1,1,1,1,1,1,1,1,1,1,1,1,1,1,1,1,1,1,18,6,21,7,24,52
"255",100,48,1,2,5,1,1,"7",3,1,3,3,2,2,2,3,2,4,1,2,3,2,3,3,2,2,2,2,3,3,2,1,1,2,2,1,2,1,1,1,1,2,1,1,1,1,1,2,1,1,1,1,5,5,1,1,6,1,5,1,5,5,1,1,1,1,20,14,13,20,49,67
"256",100,68,1,1,4,1,1,"2,4,5,6,9",4,1,1,1,1,4,1,1,2,3,1,1,1,2,1,1,1,1,1,1,1,2,1,1,1,1,1,1,1,1,1,2,1,7,1,1,1,1,1,1,1,3,1,1,1,1,1,1,6,1,1,1,1,1,1,2,1,1,13,6,18,14,28,51
"257",100,28,1,2,4,2,1,"9",6,1,1,1,4,3,1,1,2,3,1,1,2,2,3,2,1,1,1,3,1,1,5,1,2,2,7,1,4,4,2,4,4,6,4,2,5,5,2,2,1,2,2,5,5,6,4,4,6,6,6,6,6,4,7,5,6,5,42,27,42,37,35,148
"258",100,64,2,1,4,1,7,"1,4,6,7",4,1,1,1,1,4,1,1,2,3,1,1,1,1,1,2,1,1,1,1,1,1,2,1,1,1,1,2,1,1,1,2,1,6,1,2,1,1,1,5,2,2,1,1,2,2,1,1,5,1,2,1,1,1,1,1,1,1,21,8,16,13,27,58
"259",100,46,1,1,6,1,8,"2,4,5,7",4,1,1,4,1,4,1,2,1,1,1,1,1,1,1,1,2,1,1,3,1,1,4,1,1,1,1,1,1,1,1,2,1,2,6,1,1,1,1,4,1,1,1,1,1,3,1,1,4,1,1,1,1,1,1,1,4,1,24,11,12,10,30,57
"260",100,25,2,1,5,2,4,"1,2,4,5,6,7,9",3,1,1,1,1,4,1,2,1,1,1,1,1,1,2,1,1,1,1,1,1,2,1,1,1,1,5,2,1,1,1,3,1,2,6,1,1,1,1,3,1,5,1,1,1,3,1,1,4,5,3,5,2,3,3,2,1,2,22,8,19,28,26,77
"261",100,18,2,1,3,2,6,"1,4,5,7,8,9",6,1,2,2,1,4,1,2,1,2,2,1,2,2,2,1,2,1,1,1,1,1,4,2,2,1,1,5,5,4,2,6,4,5,5,4,2,4,2,5,4,4,3,2,6,6,3,4,6,4,2,5,2,3,2,4,2,4,50,21,32,26,32,129
"262",100,26,1,2,4,2,3,"10",4,1,1,1,1,4,1,1,1,4,2,1,1,2,1,3,1,1,1,1,1,1,1,1,1,1,1,1,1,7,1,2,1,5,4,1,1,1,1,2,1,6,1,1,1,5,1,1,5,5,5,5,5,5,5,1,1,1,27,10,15,36,30,88
"263",100,21,2,1,3,2,6,"8",5,1,3,1,1,3,1,2,2,2,1,1,1,1,1,1,3,1,1,2,1,1,4,1,2,6,4,2,3,3,1,7,4,7,5,2,5,2,6,7,1,1,6,2,7,7,4,2,7,1,1,6,1,4,3,7,7,7,35,28,59,23,30,145
"264",100,27,2,1,4,2,1,"4,5,7,9",4,1,2,3,3,3,3,3,2,2,1,1,1,1,3,3,1,2,1,2,2,1,2,1,1,2,1,1,2,2,1,3,2,5,4,3,1,1,1,1,1,3,1,1,1,4,4,1,6,7,7,7,4,7,7,4,3,4,24,14,24,44,40,106
"265",100,24,2,1,4,2,3,"1,2,3,4,5,6,7,8,9",5,1,2,1,1,4,1,2,1,1,2,1,1,3,1,1,2,1,1,1,1,1,1,1,1,1,1,1,1,1,1,5,1,4,4,1,1,1,1,1,1,5,1,5,3,5,1,1,5,6,4,3,5,5,5,3,1,1,20,16,19,33,29,88
"266",100,34,1,2,4,1,1,"1,2,5,6,7,8,9",5,1,1,1,1,1,2,3,3,3,1,2,1,3,4,2,1,3,1,2,1,3,5,1,1,1,1,1,2,1,1,7,2,7,7,1,1,1,1,5,1,1,1,1,1,1,1,4,7,7,1,5,2,3,1,7,7,7,32,12,35,25,39,104
"267",100,58,2,1,4,1,5,"1,4,5,7,9,10",4,1,3,2,2,3,4,3,3,1,1,3,3,1,3,2,1,2,3,3,1,1,3,3,3,2,3,2,5,5,4,3,3,3,5,3,2,2,3,5,2,2,1,6,2,2,2,2,6,3,5,2,2,2,2,2,1,1,43,16,23,22,45,104
"268",100,24,1,1,4,2,6,"1,4,5,7,8,9",4,1,2,2,2,3,3,4,3,1,3,2,2,2,4,4,3,2,1,3,3,2,6,1,4,6,5,2,5,4,5,5,4,3,4,5,5,6,7,5,7,4,3,4,5,7,5,2,1,5,5,6,3,3,2,1,6,6,58,28,45,26,51,157
"269",100,25,2,1,5,2,1,"1,2,4,5,7,8,9",4,1,1,1,1,2,4,1,2,1,1,1,1,1,1,1,1,1,1,1,1,1,5,1,2,1,1,1,2,2,1,6,3,5,1,1,1,2,1,5,1,2,1,1,5,5,2,1,6,7,5,6,5,7,7,5,3,6,29,17,30,40,25,116
"270",100,30,2,1,4,1,5,"5,7,9",3,1,1,1,1,3,2,2,3,2,2,2,1,2,2,1,3,2,1,1,2,1,3,3,3,3,5,3,6,3,4,7,2,1,4,4,5,5,6,7,3,4,4,7,5,6,4,3,7,6,6,4,5,1,1,5,5,5,53,30,43,29,35,155
"271",100,38,1,1,4,1,4,"4,5,7",4,1,2,1,2,3,2,2,2,2,2,1,1,2,2,1,3,2,1,2,1,1,2,1,1,2,2,1,5,6,2,2,5,3,4,2,1,2,2,2,1,3,2,5,5,6,2,1,6,2,5,2,5,2,2,3,2,1,34,21,23,22,35,100
"272",100,23,2,1,4,2,1,"4,5,6,7,9",3,1,2,4,3,2,4,2,4,3,1,2,2,4,2,3,4,2,4,4,3,3,5,2,3,4,2,1,3,1,3,5,5,5,3,2,4,3,5,4,2,1,1,2,1,6,1,2,6,2,3,5,3,2,3,5,2,5,35,14,41,22,58,112
"273",100,24,2,5,4,2,1,"2,4,5,8,9",6,1,2,1,1,4,2,2,2,1,1,1,2,2,3,1,1,1,1,3,1,1,6,1,1,1,5,1,1,4,1,5,3,6,4,1,2,1,2,1,1,7,4,2,4,5,2,2,7,7,4,7,5,7,7,5,5,6,29,19,39,46,33,133
"274",100,34,2,1,5,1,5,"1,2,4,7,9",4,1,4,1,2,3,1,3,2,1,1,1,1,1,1,1,1,3,1,1,1,2,1,1,1,1,1,1,1,1,1,1,1,7,1,1,1,1,1,1,1,1,1,1,3,1,1,1,5,1,1,1,1,1,1,1,1,1,13,8,16,11,32,48
"275",100,26,2,5,4,1,1,"1,2,4,7,9",6,1,1,1,1,4,1,1,2,1,1,1,1,2,3,1,1,1,1,3,1,1,4,1,1,1,1,1,3,1,1,7,4,1,1,1,1,1,1,1,3,1,1,1,1,4,1,1,1,7,4,1,4,1,1,4,4,4,23,12,25,16,29,76
"276",100,51,2,1,4,1,1,"1,2,4,5,6,7,8,9",6,1,1,1,1,2,1,1,1,3,1,1,1,3,3,1,2,2,1,2,4,1,2,1,1,1,3,1,2,1,1,4,5,5,1,1,1,1,3,2,1,2,1,1,3,5,3,1,6,4,2,5,1,5,3,2,3,2,16,16,27,27,33,86
"277",100,24,2,1,4,2,1,"1,4,5,9",3,1,1,1,1,4,1,1,1,1,1,1,1,1,2,1,1,1,1,1,1,1,2,1,1,1,1,1,1,3,1,3,1,1,7,1,1,2,1,1,1,1,1,1,2,3,1,1,1,1,1,1,1,1,1,3,1,1,23,9,14,7,24,53
"278",100,24,2,1,4,2,6,"1,3,5,6,7,8,9",4,1,1,2,1,4,2,2,2,1,2,1,1,1,2,1,2,1,1,1,1,1,2,1,1,1,1,1,5,4,1,6,3,7,4,1,1,2,1,4,1,6,4,2,5,6,5,2,7,6,6,7,7,6,6,6,6,7,35,25,37,44,30,141
"279",100,24,2,1,4,2,6,"1",3,1,4,3,1,3,4,4,2,3,2,1,2,3,4,3,3,4,1,3,1,1,1,1,1,4,4,4,6,4,1,7,5,7,4,1,1,4,1,4,1,1,1,6,6,7,4,1,6,4,4,5,5,2,4,4,4,5,37,28,39,26,52,130
"280",100,25,2,1,4,2,6,"1,2,3,4,5,7,8,9",5,1,2,1,1,2,1,2,1,1,2,1,1,1,1,1,1,1,1,1,1,1,1,1,1,1,1,1,1,1,1,5,1,7,7,1,1,1,1,5,1,1,1,1,1,5,1,1,5,1,1,1,1,1,1,5,5,5,23,14,28,11,24,76
"281",100,27,2,1,5,2,6,"1,2,3,4,5,6,7,8,9",3,1,1,1,1,3,1,1,2,1,1,1,1,1,1,1,1,1,1,2,1,1,2,1,1,1,2,1,5,6,1,5,2,4,6,1,1,1,1,4,2,1,1,5,1,6,1,1,6,6,6,6,6,6,6,3,2,1,37,16,21,37,24,111
"282",100,24,2,1,4,2,6,"1,3,4,5,7,8,9",3,1,1,1,1,4,1,1,1,1,1,1,1,3,3,1,1,1,1,1,1,1,2,1,1,2,5,1,3,4,2,6,1,6,4,2,1,4,1,4,1,5,1,1,6,6,3,1,6,7,1,4,1,5,2,5,4,5,30,21,33,30,27,114
"283",100,65,1,1,4,1,7,"4,5,7,9",5,1,1,1,1,4,1,1,1,2,1,1,1,1,1,1,2,1,1,3,1,1,1,1,1,1,1,1,2,1,1,1,1,1,4,1,1,1,1,1,1,1,1,1,1,6,2,1,1,1,1,1,1,1,1,1,1,1,17,12,10,7,27,46
"284",100,30,2,1,4,2,1,"1,2,4,7,8,9",3,1,1,1,1,4,1,1,1,1,1,1,2,1,1,1,1,1,1,1,1,1,1,1,1,5,4,3,3,2,2,6,2,4,4,3,2,2,2,1,1,3,2,4,5,5,4,1,5,5,5,5,5,5,5,5,5,5,29,24,37,33,24,123
"285",100,25,1,1,5,2,9,"2",2,1,2,3,1,2,4,2,2,4,1,1,1,3,3,2,2,4,1,1,4,2,1,3,4,3,4,4,3,5,7,6,5,5,2,2,1,3,5,6,5,3,2,1,4,4,3,3,6,6,6,7,7,5,3,1,5,7,52,20,39,36,45,147
"286",100,46,3,1,4,3,1,"1,2,4,7,8,9",3,1,2,3,4,3,3,3,3,1,3,1,3,2,3,2,1,1,1,2,1,1,5,1,2,3,3,1,3,6,1,3,1,3,6,1,5,3,1,5,1,1,1,2,2,3,5,1,5,1,1,1,1,1,3,5,1,1,36,14,26,13,43,89
"287",100,37,2,2,5,1,4,"1,4,5,9",4,1,3,3,4,2,2,2,2,3,3,1,2,3,1,2,1,1,1,1,1,1,5,1,1,4,3,3,4,4,4,5,4,4,5,5,3,5,3,3,1,3,1,4,1,5,1,1,6,4,3,5,4,2,2,5,3,4,45,15,36,25,39,121
"288",100,28,1,2,3,2,1,"1,4,5,6,7,8,9",5,1,1,1,1,4,1,1,1,1,2,1,1,1,1,1,1,1,1,1,1,1,5,1,1,3,6,1,6,6,1,3,1,1,7,5,1,1,1,4,1,1,1,5,1,5,1,1,5,1,1,1,1,1,1,1,1,1,40,14,19,11,24,84
"289",100,31,1,1,5,2,1,"1,4,7,8,9",3,1,2,2,2,3,2,2,2,2,2,2,2,1,2,2,3,3,2,3,2,3,1,1,1,1,4,1,1,4,1,5,2,3,4,1,1,1,1,1,1,4,1,3,1,1,1,4,6,2,4,1,3,1,5,5,6,6,24,13,29,23,44,89
"290",100,21,1,1,4,2,6,"1,4,5,6,9",4,1,1,1,1,4,1,1,2,2,2,2,1,1,2,1,1,2,1,2,1,1,1,1,1,1,1,1,1,1,1,5,3,5,5,4,2,3,1,5,1,1,1,2,1,4,2,1,1,1,3,1,2,2,1,1,3,3,27,13,23,10,30,73
"291",100,27,2,1,5,2,1,"8",4,1,2,4,2,3,2,2,3,3,1,1,2,3,3,3,3,2,2,3,1,1,4,1,1,1,1,1,5,6,1,7,4,7,2,1,4,2,1,1,1,1,1,2,6,5,1,1,7,3,7,5,5,5,5,6,6,6,31,21,38,33,46,123
"292",100,28,1,1,4,2,1,"8,9",6,1,1,1,1,4,1,2,2,2,1,1,2,1,2,2,1,1,1,2,1,1,1,1,1,1,6,1,4,4,1,7,4,4,3,1,5,4,1,1,1,1,1,1,3,5,4,4,6,5,4,5,3,4,6,4,5,4,29,19,37,31,30,116
"293",100,33,1,5,3,2,1,"1,2,7,10",4,1,2,4,3,3,3,3,2,3,1,1,2,4,4,3,2,2,3,3,2,3,3,1,1,1,5,2,4,4,5,4,2,2,5,5,1,1,4,2,4,7,1,4,6,5,2,4,5,6,4,3,3,2,5,4,4,6,43,22,30,32,53,127
"294",100,22,2,1,4,2,4,"1,2,4,9",3,1,3,1,1,3,2,3,2,1,2,2,1,1,2,2,2,2,1,3,1,1,1,1,1,1,1,1,5,1,1,1,1,4,7,1,1,4,1,1,1,1,1,1,1,1,1,1,5,4,1,5,5,1,5,1,1,1,30,6,13,22,36,71
"295",100,29,2,1,4,2,6,"1,2,3,4,5,6,7,8,9",6,1,2,4,1,4,4,2,1,2,2,2,1,3,4,3,2,1,1,1,1,1,1,1,1,1,1,1,2,2,1,6,1,3,3,1,1,1,1,4,1,1,1,1,2,2,1,3,5,2,5,5,2,5,4,2,1,1,23,8,18,27,42,76
"296",100,26,1,5,4,2,4,"2",5,1,3,1,1,3,1,3,1,3,1,1,3,1,2,2,3,2,2,2,2,1,2,1,1,1,1,4,1,3,1,6,4,6,1,1,1,1,1,1,2,1,1,2,2,1,1,2,1,2,1,1,2,2,2,1,2,1,22,9,23,10,38,64
"297",100,41,1,1,4,1,4,"7",4,1,2,1,1,4,1,1,1,1,1,1,1,1,2,1,1,1,1,1,1,1,5,1,2,1,1,1,5,2,1,5,2,3,4,2,1,4,1,2,1,2,1,2,4,5,2,1,5,5,2,2,3,3,5,3,4,2,33,18,20,24,25,95
"298",100,28,1,1,5,2,1,"4,5,7,8,9",3,1,1,1,1,1,1,1,1,1,1,1,1,2,1,1,2,1,1,1,1,1,1,1,1,3,1,1,2,4,1,2,1,2,7,3,1,1,1,5,1,1,2,2,1,5,1,4,5,2,1,2,1,2,1,1,1,1,32,11,15,14,22,72
"299",100,26,1,1,4,2,8,"1,7",4,1,1,1,1,1,1,3,3,4,2,2,3,2,2,1,2,2,1,1,1,2,1,1,1,1,1,1,1,1,1,2,2,7,3,1,1,1,1,1,1,1,1,1,1,2,1,1,1,1,1,1,1,1,1,2,1,1,15,7,19,7,36,48
"300",100,26,2,1,4,2,1,"2,4,5,8",6,1,1,1,1,3,3,3,1,1,3,2,1,2,2,2,2,3,1,2,2,2,1,1,1,1,1,1,1,1,1,5,4,3,1,1,1,1,1,1,1,1,1,1,4,4,1,1,1,1,1,1,1,1,1,1,1,1,13,12,19,7,38,51
"301",100,28,1,1,4,2,1,"1,2,4,5,6,7,8,9",5,1,1,1,1,4,1,1,1,1,1,1,1,3,1,1,1,1,1,1,1,1,5,1,2,1,1,1,5,3,1,6,3,6,4,2,1,3,2,2,2,3,1,1,3,5,1,1,6,5,5,5,5,2,3,5,5,4,36,16,30,29,25,111
"302",100,65,1,2,4,1,7,"4,5,7",2,1,1,1,1,4,2,2,1,1,1,1,1,1,1,1,2,1,1,1,1,1,5,1,1,1,1,1,1,1,1,1,1,1,1,1,1,1,1,1,1,1,1,1,1,1,1,1,1,1,1,1,1,1,1,1,1,1,17,6,10,7,26,40
"303",100,35,1,1,4,2,1,"4,5,8",6,1,2,3,3,3,3,3,2,2,3,3,2,2,2,3,3,3,2,3,3,2,5,2,3,3,2,4,5,5,4,5,4,4,4,3,3,3,4,4,4,4,2,3,4,5,5,5,5,5,5,3,5,4,5,3,3,2,54,22,32,31,52,139
"304",100,70,2,1,3,4,5,"4,5,6,7",2,1,2,3,3,3,3,2,3,2,4,2,1,3,2,1,2,1,1,2,1,2,1,1,1,1,5,1,1,1,1,1,1,1,7,5,1,1,2,1,1,1,1,1,1,1,1,1,5,5,2,1,1,1,1,5,7,6,23,12,24,16,43,75
"305",100,60,2,1,3,3,7,"1,4,7,9",3,1,1,1,4,4,1,1,3,4,1,1,1,1,4,1,1,1,1,1,1,1,5,1,1,1,1,1,1,1,1,3,3,3,1,1,1,1,1,1,1,1,1,1,1,1,1,1,1,1,1,1,1,1,1,1,1,1,17,6,16,7,34,46
"306",100,25,2,1,4,2,4,"1,4,5,7,9",3,1,2,1,1,4,1,2,2,2,1,1,1,1,3,3,1,1,2,4,1,1,5,1,1,1,2,1,1,4,1,3,2,3,1,1,1,1,1,1,2,1,1,3,1,1,1,2,6,5,5,5,1,5,5,5,5,5,22,12,24,32,35,90
"307",100,28,1,5,4,6,2,"4,5,6,7,8,9",6,1,1,1,1,4,1,1,1,1,1,1,1,1,1,1,1,1,1,1,1,1,2,1,2,2,3,1,2,4,1,5,2,2,3,1,2,2,1,4,1,1,1,1,1,3,1,2,4,1,1,1,2,1,1,2,1,1,27,8,21,10,23,66
"308",100,27,1,5,4,2,3,"7",1,1,4,4,4,1,4,4,4,4,4,4,4,3,4,4,3,4,3,3,3,4,1,1,1,1,1,1,1,2,1,1,1,1,4,1,1,2,1,2,1,1,1,1,1,1,1,1,5,1,1,1,1,1,1,1,1,1,19,6,10,11,72,46
"309",100,39,2,1,4,1,4,"1,2,7,8,9",5,1,1,1,2,4,1,2,3,2,1,2,1,2,2,1,2,2,1,1,2,2,4,1,4,1,1,1,1,4,3,4,2,4,3,1,1,1,1,2,1,5,1,1,2,4,1,1,5,2,5,4,2,2,2,2,5,1,28,14,18,25,35,85
"312",100,24,1,1,4,2,1,"2,3,4,5,6,7,8,9",6,1,2,1,3,4,1,2,1,3,3,2,1,3,3,1,2,2,1,1,1,2,3,2,2,2,2,2,5,3,3,6,4,6,4,3,4,4,2,4,2,4,6,3,5,6,5,5,7,6,3,5,4,4,4,4,4,4,44,25,40,33,39,142
"322",100,34,1,2,6,2,1,"1,2,4,7,9",3,1,1,1,1,4,3,2,3,4,1,1,1,1,3,1,2,2,2,2,1,1,6,1,1,1,1,1,1,2,4,1,1,1,4,1,1,1,1,1,1,5,1,1,1,1,2,1,2,3,2,1,1,1,1,1,1,1,25,7,10,15,37,57
"324",100,24,1,1,5,2,2,"1,2,3,4,5,6,7,8,9",6,1,4,1,1,4,1,1,4,1,1,1,1,1,3,1,1,2,1,1,1,1,1,1,1,3,2,1,2,7,1,7,4,7,3,3,1,1,1,1,1,7,1,1,7,7,1,1,7,2,2,2,2,1,1,5,5,5,25,22,36,22,32,105
"326",100,60,2,1,5,3,7,"5,6,7,9",5,1,1,1,1,1,4,2,4,2,1,1,1,1,3,1,1,3,1,4,1,2,1,1,1,1,1,1,2,1,1,4,1,5,1,1,1,4,3,4,1,2,1,1,5,2,1,1,1,1,4,4,1,1,2,1,1,1,20,11,19,15,36,65
"328",100,75,1,3,3,1,7,"7,8,10",2,1,1,1,1,1,1,1,1,2,2,1,1,1,3,1,1,1,1,1,1,1,1,1,1,1,1,1,2,1,1,2,3,4,4,1,1,1,1,4,1,4,1,1,1,1,1,4,4,1,4,1,1,4,1,1,1,1,23,6,16,19,24,64
"329",100,30,2,3,4,2,2,"1,2,3,4,5,7,8,9",5,1,4,3,2,1,3,3,3,3,4,2,4,2,2,3,3,3,3,4,2,2,3,5,3,2,2,1,2,3,4,4,2,6,3,1,2,5,1,5,1,3,1,1,5,5,2,1,6,6,5,5,5,5,5,5,4,2,37,22,27,35,56,121
"338",100,44,2,1,4,1,4,"1,5,9",1,1,2,1,1,4,1,1,1,4,1,2,1,4,1,1,1,1,1,1,1,1,1,1,1,1,1,1,1,1,1,1,1,1,7,1,1,1,1,1,1,1,1,1,1,5,1,1,1,1,1,1,1,1,1,1,1,1,19,10,10,7,31,46
"340",100,38,2,6,6,1,1,"1,2,3,4,7",5,1,2,2,2,3,2,2,2,2,3,2,2,3,2,2,2,2,1,1,2,2,2,2,3,3,5,3,3,3,2,2,1,5,2,2,2,3,2,2,1,1,1,2,3,5,3,1,5,3,2,2,1,2,2,2,3,2,28,18,25,17,41,88
"341",100,23,1,1,4,2,1,"1,2,4,5,9",4,1,2,1,1,4,1,2,1,2,2,1,1,1,1,1,1,1,1,1,1,1,2,1,1,1,1,2,3,2,3,2,1,2,5,2,1,1,1,5,1,1,1,2,1,3,1,2,3,2,3,1,1,1,2,1,1,1,30,9,12,13,27,64
"343",100,28,2,1,5,2,1,"1,2,3,4,5,7,8,9",3,1,2,1,1,2,4,2,3,3,3,2,3,3,4,2,2,2,2,2,2,1,3,2,1,2,1,1,1,3,1,1,1,4,1,1,1,2,1,6,2,5,1,2,1,2,1,1,5,6,5,6,5,5,5,1,2,3,28,10,16,37,46,91
"345",100,42,1,1,4,1,1,"1,2,4,5,7,8,9",4,1,3,1,1,4,2,3,3,1,1,2,1,3,3,2,2,2,1,3,2,2,2,1,1,2,1,1,5,2,1,5,2,3,2,1,1,1,1,1,1,1,1,1,2,6,1,1,6,2,2,1,2,1,1,1,1,1,21,12,18,14,42,65
"348",100,25,2,1,5,1,1,"1,2,4,5,7,8,9",2,1,1,1,1,4,1,1,1,1,1,1,1,1,1,1,1,1,1,1,1,1,1,1,1,1,1,1,3,5,1,3,1,1,7,1,1,1,1,1,1,5,1,2,1,5,1,1,5,5,5,1,5,2,1,1,1,1,29,11,12,24,23,76
"373",100,64,2,1,4,4,7,"4,5,6,7",5,1,1,1,1,4,2,2,2,1,1,1,1,1,2,1,1,1,1,1,1,1,3,1,1,2,1,3,6,1,1,1,1,7,7,7,1,5,5,1,4,1,1,3,1,1,1,1,7,5,7,7,4,6,6,1,1,1,44,8,21,39,27,112
